001154 154 52 47.6 132  3.8
001155     52 48.0 132  3.9
001156 156 52 48.4 132  3.6
001157     52 48.9 132  3.4
001158 158 52 49.3 132  3.8
001159     52 49.7 132  4.5
001160 160 52 50.2 132  4.9
001161     52 50.6 132  5.2
001162 162 52 51.0 132  5.0
001163     52 51.2 132  4.7
001164 164 52 50.9 132  4.2
001165     52 50.5 132  3.9
001166 166 52 50.1 132  3.4
001167     52 49.5 132  3.0
001168 168 52 49.1 132  2.9
001169     52 48.7 132  2.5
001170 170 52 48.3 132  2.3
001171     52 48.0 132  1.7
001172 172 52 47.8 132  0.8
001173     52 47.8 132  0.1
001174 174 52 47.4 131 59.5
001175 175 52 47.8 132  0.1
001200 200 52 25.6 131 37.3
001201 201 52 24.8 131 36.6
001202 202 52 25.3 131 35.2
001203 203 52 25.6 131 34.3
001204 204 52 26.0 131 33.6
001205 205 52 25.7 131 33.0
001206 206 52 25.0 131 31.8
001207 207 52 24.5 131 30.5
001208 208 52 23.8 131 30.8
001209 209 52 24.3 131 32.0
001210 210 52 24.4 131 33.6
001211 211 52 24.1 131 35.3
001212 212 52 23.6 131 35.1
001213 213 52 22.7 131 36.0
002000   0 53 43.0 132 59.8
002001   1 53 42.7 132 58.6
002002   2 53 42.4 132 56.8
002003   3 53 42.0 132 55.6
002004   4 53 41.5 132 56.7
002005   5 53 41.2 132 57.4
002006   6 53 41.4 132 57.4
002007   7 53 41.1 132 58.6
002008   8 53 41.1 132 59.1
002009   9 53 41.4 133  0.7
002010  10 53 37.4 132 55.9
002011  11 53 36.9 132 55.1
002012  12 53 36.2 132 54.1
002013  13 53 36.0 132 52.4
002014  14 53 35.8 132 50.3
002015  15 53 36.2 132 49.1
002016  16 53 35.5 132 49.8
002017  17 53 35.3 132 51.5
002018  18 53 35.5 132 53.1
002019  19 53 35.2 132 54.4
002030  30 53 45.0 133  1.9
002031  31 53 45.9 133  1.2
002032  32 53 46.0 132 59.3
002033  33 53 45.4 133  0.3
002034  34 53 45.0 132 59.9
002035  35 53 43.8 132 59.6
002040  40 53 41.5 132 59.4
002045  45 53 42.1 132 57.4
002047  47 53 41.5 132 57.0
003020  20 53 29.0 132 47.8
003021     53 29.1 132 46.5
003022  22 53 29.2 132 45.7
003023     53 29.8 132 45.6
003024  24 53 30.4 132 45.6
003025     53 30.9 132 45.6
003026  26 53 31.3 132 45.4
003027     53 31.5 132 45.0
003028  28 53 31.7 132 45.2
003029     53 31.7 132 44.5
003030  30 53 31.4 132 43.7
003031     53 31.2 132 44.0
003032  32 53 31.1 132 44.7
003033     53 30.5 132 44.5
003034  34 53 31.5 132 44.4
003035     53 30.1 132 44.5
003036  36 53 29.9 132 44.2
003037     53 29.8 132 43.7
003038  38 53 29.4 132 43.8
003039     53 29.0 132 44.0
003040  40 53 28.7 132 44.7
003041     53 28.4 132 45.0
003042  42 53 28.2 132 45.6
003043     53 27.9 132 46.5
003044  44 53 26.8 132 42.5
003045     53 26.7 132 41.7
003046  46 53 27.1 132 41.1
003047     53 27.4 132 40.8
003048  48 53 28.0 132 40.4
003049     53 28.5 132 40.5
003050  50 53 28.9 132 40.4
003051     53 29.5 132 40.3
003052  52 53 29.9 132 40.1
003053     53 29.5 132 39.9
003054  54 53 28.9 132 39.9
003055     53 28.5 132 39.5
003056  56 53 28.3 132 39.3
003057     53 27.8 132 39.3
003058  58 53 27.4 132 39.4
003059     53 26.8 132 39.6
003060  60 53 26.5 132 40.1
003063  63 53 21.5 132 30.7
003064  64 53 20.8 132 30.8
003065     53 20.5 132 30.8
003066  66 53 20.3 132 30.2
003067     53 19.9 132 29.3
003068  68 53 19.5 132 28.9
003069     53 20.2 132 28.7
003070  70 53 19.3 132 28.1
003071     53 19.4 132 27.4
003072  72 53 19.5 132 27.9
003073     53 19.9 132 28.3
003074  74 53 20.0 132 27.8
003075     53 20.0 132 27.2
003076  76 53 20.2 132 26.4
003077     53 20.1 132 26.1
003078  78 53 19.7 132 26.2
003079     53 19.5 132 26.0
003080  80 53 19.1 132 25.6
003081     53 18.7 132 25.2
003082  82 53 19.0 132 25.9
003083     53 20.1 132 26.3
003084  84 53 19.1 132 26.0
003085     53 18.1 132 26.0
003086  86 53 17.5 132 25.5
003087     53 17.8 132 25.5
003088  88 53 18.3 132 25.6
003089     53 18.6 132 24.8
003090  90 53 19.2 132 25.1
003091     53 19.3 132 24.6
003092  92 53 19.7 132 24.8
003093     53 20.1 132 25.0
003094  94 53 20.5 132 25.2
003095     53 20.9 132 25.9
003096  96 53 21.3 132 26.9
003097     53 21.5 132 28.1
003098  98 53 22.0 132 29.0
004073  73 53  9.6 132 31.3
004074  74 53  9.5 132 30.4
004075  75 53 10.4 132 29.8
004076  76 53 11.5 132 29.2
004077  77 53 12.2 132 29.3
004078  78 53 13.4 132 28.4
004079  79 53 12.5 132 28.5
004080  80 53 11.8 132 28.5
004081  81 53 11.0 132 28.8
004082  82 53 10.1 132 29.0
004083  83 53 10.0 132 27.4
004084  84 53 10.4 132 26.1
004085  85 53  9.9 132 26.4
004086  86 53  9.7 132 28.0
004087  87 53  9.3 132 29.1
004088  88 53  8.7 132 29.9
004096  96 53  8.2 132 26.5
004097  97 53  8.4 132 25.2
004098  98 53  8.3 132 23.8
004099  99 53  8.5 132 22.5
004100 100 53  8.5 132 21.2
004101 101 53  7.9 132 21.2
004102 102 53  7.7 132 23.0
005086  86 53  2.0 132 30.6
005087     53  2.0 132 30.3
005088  88 53  1.7 132 29.0
005089     53  2.0 132 28.3
005090  90 53  2.0 132 27.2
005091     53  2.4 132 26.4
005092  92 53  2.2 132 26.0
005093     53  2.1 132 25.5
005094  94 53  1.6 132 24.8
005104 104 53  1.9 132 22.0
005105     53  2.1 132 21.2
005106 106 53  2.3 132 20.6
005107     53  2.2 132 20.2
005108 108 53  2.6 132 19.5
005109     53  2.8 132 18.7
005110 110 53  2.9 132 17.8
005111     53  3.3 132 17.3
005112 112 53  3.6 132 16.4
005113     53  3.4 132 15.9
005114 114 53  3.2 132 16.5
005115     53  3.1 132 17.3
005116 116 53  2.7 132 17.7
005117     53  2.5 132 18.6
005118 118 53  2.4 132 19.3
005119     53  2.0 132 19.9
005120 120 53  1.9 132 20.6
005121     53  1.7 132 21.4
005122 122 53  1.2 132 21.2
005123     53  1.3 132 20.6
005124 124 53  1.5 132 19.7
005125     53  1.5 132 19.0
005126 126 53  1.1 132 18.5
005127     53  1.2 132 17.5
005128 128 53  1.1 132 16.6
005129     53  1.1 132 15.6
005130 130 53  0.9 132 14.9
005131     53  0.7 132 14.2
005132 132 53  0.7 132 14.9
005133     53  0.5 132 14.4
005134 134 53  0.5 132 13.7
005135     53  0.1 132 13.4
005136 136 52 59.8 132 12.4
005137     52 59.7 132 11.4
005138 138 52 59.6 132 10.6
005139     52 59.6 132  9.7
005140 140 52 59.8 132  8.8
005141     52 59.8 132  8.1
005142 142 52 59.6 132  7.0
005143     52 59.4 132  6.4
005144 144 52 58.9 132  6.0
005145     52 58.6 132  5.7
005146 146 52 58.3 132  4.9
005147     52 58.0 132  5.0
005148 148 52 58.3 132  5.6
005149     52 58.8 132  6.2
005150 150 52 59.2 132  6.8
005151     52 59.4 132  7.5
005152 152 52 59.5 132  8.4
005153 153 52 59.3 132  9.2
006176 176 52 14.2 131 21.9
006177     52 14.7 131 22.4
006178 178 52 15.2 131 22.3
006179     52 15.8 131 22.5
006180 180 52 16.3 131 22.6
006181     52 16.3 131 22.2
006182 182 52 15.8 131 21.7
006183     52 15.3 131 21.5
006184 184 52 14.7 131 21.2
006185     52 14.3 131 20.9
006186 186 52 14.2 131 21.5
006187 187 52  9.3 131 13.9
006188 188 52  9.7 131 14.0
006189     52 10.2 131 14.3
006190 190 52 10.8 131 14.7
006191     52 11.2 131 15.0
006192 192 52 11.7 131 15.4
006193     52 12.0 131 15.8
006194 194 52 12.5 131 16.1
006195     52 12.8 131 16.5
006196 196 52 13.2 131 16.8
006197     52 13.6 131 16.9
006198 198 52 14.1 131 16.8
006199     52 13.7 131 16.4
006200 200 52 13.3 131 16.0
006201     52 12.9 131 15.4
006202 202 52 12.5 131 14.7
006203     52 12.1 131 14.3
006204 204 52 11.7 131 14.4
006205     52 11.4 131 14.0
006206 206 52 11.7 131 14.1
006207     52 11.3 131 13.6
006208 208 52 11.0 131 13.2
006209     52 10.6 131 13.1
006210 210 52 10.2 131 12.7
006211     52 10.1 131 12.9
006212 212 52  9.9 131 13.0
006213     52  9.9 131 12.7
006214 214 52  9.4 131 13.0
006215     52  9.2 131 12.4
006216 216 52  8.8 131 12.4
006217     52  8.3 131 12.2
006218 218 52  8.3 131 12.6
006225 225 52  9.2 131 14.2
006226 226 52  9.0 131 14.3
006227 227 52  8.9 131 14.5
011000   0 53 36.8 132 18.9
011001     53 37.1 132 19.6
011002   2 53 37.4 132 20.3
011003     53 37.6 132 21.0
011004   4 53 37.4 132 21.7
011005     53 37.2 132 22.5
011006   6 53 36.9 132 23.1
011007     53 37.3 132 23.0
011008   8 53 37.3 132 23.6
011009     53 36.9 132 24.2
011010  10 53 36.4 132 24.3
011011     53 36.7 132 24.9
011012  12 53 36.9 132 25.1
011013     53 36.8 132 25.8
011014  14 53 36.5 132 26.6
011015     53 36.0 132 26.9
011016  16 53 35.5 132 27.2
011017     53 35.0 132 27.5
011018  18 53 34.5 132 28.0
011019     53 34.1 132 28.5
011020  20 53 34.2 132 29.0
011021     53 34.7 132 29.1
011022  22 53 35.0 132 28.3
011023     53 35.5 132 28.4
011024  24 53 36.0 132 28.2
011025     53 36.4 132 27.8
011026  26 53 37.0 132 27.5
011027     53 37.3 132 26.9
011028  28 53 37.6 132 26.1
011029     53 38.0 132 25.6
011030  30 53 38.3 132 24.8
011031     53 38.6 132 24.3
011032  32 53 39.0 132 23.7
011033     53 39.4 132 23.1
011034  34 53 39.6 132 22.2
011035     53 39.9 132 21.5
011036  36 53 40.4 132 21.0
011037     53 40.5 132 21.8
011038  38 53 40.5 132 22.6
011039     53 40.3 132 23.4
011040  40 53 40.2 132 24.3
011041     53 40.3 132 24.9
011042  42 53 40.1 132 25.8
011043     53 40.5 132 26.2
011044  44 53 40.3 132 26.8
011045     53 39.7 132 27.2
011046  46 53 39.5 132 27.9
011047     53 39.5 132 28.6
011048  48 53 39.0 132 29.1
011049     53 38.7 132 29.8
011050  50 53 38.7 132 30.6
011051     53 39.2 132 30.4
011052  52 53 39.4 132 30.6
011053     53 39.3 132 31.4
011054  54 53 38.9 132 32.1
011055     53 39.4 132 32.5
011056  56 53 39.8 132 32.4
011057     53 40.2 132 31.9
011058  58 53 40.5 132 32.4
011059     53 40.3 132 33.0
011060  60 53 39.8 132 32.9
011061     53 39.5 132 33.4
011062  62 53 39.4 132 34.1
011063     53 39.7 132 33.6
011064  64 53 40.3 132 33.5
011065     53 39.9 132 34.1
011066  66 53 39.5 132 34.7
011067     53 39.1 132 35.1
011068  68 53 39.1 132 35.5
011069     53 38.6 132 35.4
011070  70 53 38.2 132 35.6
011071     53 38.2 132 36.4
011072  72 53 38.4 132 36.0
011073     53 38.9 132 35.9
011074  74 53 39.4 132 35.6
011075     53 39.9 132 35.3
011076  76 53 40.4 132 35.3
011077     53 40.8 132 35.7
011078  78 53 41.2 132 36.3
011079     53 41.3 132 37.1
011080  80 53 41.3 132 38.0
011081     53 41.2 132 38.9
011082  82 53 40.8 132 39.7
011083     53 40.3 132 39.8
011084  84 53 39.8 132 39.9
011085     53 39.4 132 40.0
011086  86 53 39.5 132 40.5
011087     53 40.0 132 40.5
011088  88 53 40.5 132 40.4
011089     53 40.9 132 40.1
011090  90 53 41.3 132 39.7
011091     53 41.6 132 39.1
011092  92 53 41.7 132 38.2
011093     53 41.8 132 37.4
011094  94 53 41.7 132 36.5
011095     53 41.4 132 36.1
011096  96 53 41.1 132 35.5
011097     53 40.9 132 35.0
011098  98 53 40.8 132 34.5
011099     53 41.2 132 34.9
011100 100 53 41.4 132 35.5
011101 101 53 41.7 132 36.1
012000   0 54  3.7 132 31.4
012001     54  3.2 132 31.7
012002   2 54  3.0 132 32.5
012003     54  2.7 132 33.3
012004   4 54  2.5 132 34.1
012005     54  2.0 132 33.9
012006   6 54  1.5 132 33.9
012007     54  1.0 132 34.4
012008   8 54  0.6 132 34.9
012009     54  0.7 132 34.4
012010  10 54  0.8 132 34.1
012011     54  0.4 132 33.9
012012  12 54  0.2 132 33.4
012013     53 59.8 132 34.0
012014  14 53 59.4 132 34.5
012015     53 59.0 132 35.4
012016  16 53 58.7 132 35.5
012017     53 58.4 132 36.0
012018  18 53 58.6 132 36.0
012019     53 58.4 132 36.9
012020  20 53 58.1 132 37.6
012021     53 57.8 132 37.8
012022  22 53 57.6 132 38.7
012023     53 57.3 132 38.7
012024  24 53 57.0 132 39.5
012025     53 56.8 132 40.2
012026  26 53 57.1 132 40.2
012027     53 57.5 132 40.7
013028  28 53 57.7 132 39.9
012029     53 58.1 132 39.9
012030  30 53 58.3 132 40.3
012031     53 58.5 132 40.5
012032  32 53 58.4 132 41.4
012033     53 58.7 132 41.2
012034  34 53 59.1 132 40.4
012035     53 59.4 132 39.8
012036  36 53 59.8 132 39.4
012037     54  0.1 132 39.2
012038  38 54  0.3 132 38.5
012039     54  0.9 132 37.9
012040  40 54  0.8 132 37.3
012041     54  1.0 132 36.5
012042  42 54  1.4 132 35.7
012043     54  1.8 132 35.2
012044  44 54  2.3 132 34.9
012045     54  2.8 132 34.8
012046  46 54  2.9 132 34.1
012047     54  3.4 132 34.4
012048  48 54  3.9 132 34.9
012049     54  4.4 132 35.0
012050  50 54  4.9 132 34.6
012051     54  5.2 132 34.4
021010  10 52 37.0 131 31.0
021011     52 37.4 131 31.7
021012  12 52 37.8 131 32.2
021013     52 38.1 131 32.7
021014  14 52 38.5 131 33.2
021015     52 38.8 131 33.9
021016  16 52 39.1 131 34.7
021017     52 39.2 131 35.3
021018  18 52 39.4 131 35.7
021019     52 39.2 131 35.8
021020  20 52 38.7 131 35.4
021021     52 38.6 131 36.1
021022  22 52 38.6 131 36.2
021023     52 38.4 131 36.8
021024  24 52 38.2 131 36.2
021025     52 37.9 131 36.4
021026  26 52 37.7 131 35.0
021027     52 37.4 131 34.5
021028  28 52 37.0 131 33.8
021029     52 36.6 131 33.4
021030  30 52 36.1 131 32.9
021064  64 52 30.6 131 29.6
021065     52 30.5 131 29.2
021066  66 52 30.4 131 28.7
021067     52 30.2 131 28.2
021068  68 52 30.1 131 28.0
021069     52 29.8 131 28.4
021070  70 52 29.8 131 28.6
021071     52 28.9 131 28.2
021072  72 52 28.6 131 28.9
021073     52 28.4 131 29.5
021074  74 52 28.1 131 30.1
021075     52 28.0 131 30.5
021076  76 52 28.1 131 29.8
021077     52 28.3 131 29.0
021078  78 52 28.4 131 28.2
021079     52 28.2 131 28.0
021080  80 52 27.8 131 28.2
021081     52 27.2 131 28.5
021082  82 52 26.7 131 28.6
021083     52 26.7 131 28.3
021084  84 52 27.1 131 28.0
021085     52 27.3 131 28.0
021086  86 52 27.8 131 27.9
021087     52 28.1 131 27.3
021088  88 52 27.8 131 26.9
021089     52 27.8 131 26.4
021090  90 52 28.2 131 25.7
021091     52 27.8 131 25.2
021092  92 52 27.3 131 24.8
021093     52 27.0 131 25.0
021094  94 52 26.2 131 25.1
021095     52 25.5 131 25.6
021096  96 52 24.8 131 25.6
021097     52 24.4 131 25.8
021098  98 52 24.1 131 26.2
021099     52 23.8 131 26.7
021100 100 52 23.4 131 26.8
021101     52 22.9 131 26.5
021102 102 52 23.3 131 26.1
021103     52 23.7 131 25.6
021104 104 52 23.9 131 25.0
021105 105 52 24.5 131 24.6
021145 145 52 27.3 131 23.1
021146 146 52 27.7 131 22.9
021147     52 27.8 131 22.3
021148 148 52 28.0 131 21.7
021149     52 27.8 131 21.1
021150 150 52 27.5 131 21.4
021151     52 27.0 131 21.8
021152 152 52 26.6 131 21.8
021153     52 26.2 131 21.6
021154 154 52 26.0 131 21.8
021155     52 26.1 131 22.4
021156 156 52 26.3 131 23.0
021157     52 26.7 131 23.2
021158 158 52 27.0 131 23.5
021171     52 25.0 131 24.4
021172 172 52 25.4 131 24.4
021173     52 25.6 131 23.8
021174 174 52 25.3 131 23.9
021175     52 24.8 131 24.3
021176 176 52 24.5 131 24.4
021177     52 24.3 131 24.2
021178 178 52 24.1 131 24.0
021179     52 23.9 131 23.5
021180 180 52 23.5 131 23.6
021181     52 23.0 131 23.2
021182 182 52 22.9 131 22.7
021183     52 22.5 131 23.1
021184 184 52 22.2 131 22.1
021185     52 22.5 131 21.6
021186 186 52 22.1 131 21.2
021187 187 52 21.6 131 21.1
021188 188 52 26.0 131 21.0
021189 189 52 26.3 131 21.6
021263 263 52 19.5 131 19.0
021264 264 52 19.6 131 19.7
021265     52 20.1 131 19.9
021266 266 52 20.6 131 20.2
021267     52 21.0 131 20.5
021268 268 52 21.3 131 21.0
021269     52 21.5 131 20.9
021270 270 52 22.0 131 21.0
021271     52 22.5 131 21.1
021272 272 52 23.1 131 21.2
021273     52 23.5 131 21.3
021274 274 52 24.0 131 21.6
021275     52 24.5 131 22.0
021276 276 52 24.9 131 22.1
021277     52 25.4 131 22.4
021278 278 52 25.2 131 22.1
021279     52 25.1 131 21.5
021280 280 52 25.6 131 21.2
021281     52 25.6 131 20.7
021282 282 52 25.9 131 20.0
021283     52 26.2 131 19.5
021284 284 52 27.1 131 19.2
021285     52 26.8 131 17.7
021286 286 52 26.9 131 17.0
021287     52 26.9 131 16.1
021288 288 52 26.9 131 15.3
021289     52 26.8 131 14.5
021290 290 52 26.4 131 14.1
021291     52 26.0 131 14.3    ! duplicates of 025291 to 025299
021292     52 25.4 131 14.7
021293     52 25.1 131 15.2
021294     52 24.9 131 15.9
021295     52 24.5 131 15.8
021296     52 24.1 131 16.5
021297     52 23.8 131 17.2
021298     52 23.3 131 17.7
021299     52 22.9 131 18.0
022000   0 53 14.8 131 59.0
022001   1 53 15.5 131 58.4
022002   2 53 16.2 131 58.8
022003     53 15.8 131 59.3
022004   4 53 15.1 131 59.4
022005     53 14.8 131 59.8
022006   6 53 14.8 132  0.7
022007     53 14.8 132  1.4
022008   8 53 15.1 132  1.9
022009     53 15.2 132  2.8
022010  10 53 15.2 132  3.7
022011     53 15.2 132  4.2
022012  12 53 15.2 132  5.0
022013     53 15.2 132  5.8
022014  14 53 15.1 132  6.7
022015     53 14.7 132  6.6
022016  16 53 14.3 132  6.8
022017     53 14.1 132  5.8
022018  18 53 13.7 132  5.3
022019     53 13.6 132  6.1
022020  20 53 13.4 132  7.1
022021     53 13.0 132  4.1
022022  22 53 13.3 132  3.4
022023     53 13.2 132  2.7
022024  24 53 13.2 132  1.9
022025     53 12.9 132  1.9
022026  26 53 12.5 132  2.0
022027     53 12.2 132  2.3
022028  28 53 12.0 132  2.8
022029     53 11.6 132  4.0
022030  30 53 12.2 132  1.0
022031     53 12.2 132  0.8
022032  32 53 11.9 132  0.8
022033     53 11.9 131 59.6
022034  34 53 12.1 131 58.8
022035     53 12.4 131 59.0
022036  36 53 12.7 131 59.4
022037     53 13.1 132  0.0
022038  38 53 13.3 132  0.1
022039     53 13.0 131 59.2
022040  40 53 12.8 131 58.9
022041     53 12.8 131 58.1
022042  42 53 12.8 131 57.4
022043     53 13.1 131 56.9
022044  44 53 13.5 131 56.2
022045     53 13.7 131 55.6
022046  46 53 14.2 131 55.3
022047     53 14.3 131 54.6
022048  48 53  9.1 132  6.4
022049  49 53 10.7 132  5.7
022050  50 53 11.0 132  7.1
022051     53 10.2 132  6.3
022052  52 53  9.0 132  5.5
022053     53  9.0 132  4.8
022054  54 53  9.4 132  4.4
022055     53  9.7 132  3.5
022056  56 53 10.1 132  3.0
022057     53 10.4 132  2.4
022058  58 53 10.9 132  1.9
022059     53 11.5 132  1.4
022060  60 53 12.8 132  0.5
022061     53 12.6 132  0.3
022062  62 53 12.8 132  0.2
022064  64 53 14.7 131 53.8
022065     53 14.3 131 53.9
022066  66 53 14.3 131 53.3
022067     53 14.4 131 52.7
022068  68 53 14.3 131 51.8
023048  48 53  2.7 131 43.5
023049     53  2.8 131 44.3
023050  50 53  3.1 131 45.1
023051     53  3.1 131 45.7
023052  52 53  3.3 131 46.6
023053     53  3.7 131 47.2
023054  54 53  4.0 131 47.8
023055     53  3.9 131 48.9
023056  56 53  4.1 131 49.5
023057     53  3.9 131 50.5
023058  58 53  3.7 131 50.7
023059     53  3.7 131 51.4
023060  60 53  3.7 131 51.8
023061     53  3.8 131 52.5
023062  62 53  3.5 131 53.5
023063     53  3.3 131 53.7
023064  64 53  3.3 131 54.7
023065     53  2.9 131 55.2
023066  66 53  2.9 131 55.8
023067     53  2.9 131 56.9
023068  68 53  3.0 131 57.6
023069     53  3.1 131 58.4
023070  70 53  3.3 131 59.3
023071     53  3.4 132  0.0
023072  72 53  3.3 132  1.0
023073     53  3.2 132  1.0
023074  74 53  3.2 132  1.6
023075     53  3.0 132  1.7
023076  76 53  2.5 132  1.7
023077     53  2.4 132  1.4
023078  78 53  2.8 132  0.9
023079     53  2.6 131 59.9
023080  80 53  2.4 131 59.1
023081     53  2.5 131 58.3
023082  82 53  2.2 131 57.3
023083     53  1.7 131 57.3
023084  84 53  1.1 131 57.7
023085     53  0.8 131 57.5
023086  86 53  0.5 131 56.8
023087     52 59.8 131 56.6
023088  88 52 59.4 131 56.3
023089     52 59.1 131 55.5
023090  90 52 58.6 131 55.1
023091     52 58.1 131 54.8
023092  92 52 57.6 131 54.3
023093  93 52 57.0 131 54.2
023135 135 52 57.2 131 54.1
023136 136 52 57.7 131 54.2
023137     52 58.4 131 54.4
023138 138 52 58.9 131 55.0
023139     52 59.6 131 55.8
023140 140 53  0.1 131 55.7
023141     53  0.7 131 55.8
023142 142 53  1.0 131 55.0
023143     53  1.3 131 54.5
023144 144 53  1.5 131 53.6
023145     53  2.0 131 53.2
023146 146 53  2.3 131 52.5
023147     53  2.3 131 51.6
023148 148 53  2.3 131 50.5
023149     53  2.3 131 49.5
023150 150 53  2.2 131 48.7
023151     53  2.0 131 47.9
023152 152 53  1.7 131 46.9
023153     53  1.3 131 46.6
023154 154 53  0.8 131 45.7
024073  73 52 52.7 131 44.5
024074  74 52 52.9 131 45.5
024075     52 53.0 131 46.4
024076  76 52 53.1 131 47.3
024077     52 53.1 131 48.2
024078  78 52 53.0 131 49.0
024079     52 52.9 131 48.8
024080  80 52 52.9 131 47.9
024081     52 52.8 131 47.0
024082  82 52 52.6 131 47.7
024083     52 52.4 131 48.3
024084  84 52 52.0 131 49.1
024085     52 52.6 131 49.5
024086  86 52 53.1 131 50.3
024087     52 53.7 131 50.7
024088  88 52 54.2 131 50.9
024089     52 54.5 131 51.8
024090  90 52 55.0 131 53.6
024091     52 55.5 131 53.1
024092  92 52 56.0 131 53.4
024093     52 56.5 131 53.9
024094  94 52 56.5 131 54.2
024095     52 56.1 131 54.7
024096  96 52 55.9 131 55.5
024097     52 56.3 131 56.5
024098  98 52 55.9 131 57.0
024099     52 55.5 131 56.3
024100 100 52 55.4 131 55.4
024101     52 55.4 131 54.6
024102 102 52 55.0 131 53.9
024103     52 54.4 131 53.8
024104 104 52 54.5 131 54.7
024105     52 54.2 131 55.7
024106 106 52 53.8 131 56.0
024107     52 53.4 131 56.8
024108 108 52 53.3 131 57.6
024109     52 53.1 131 58.6
024110 110 52 52.9 131 59.3
024111     52 52.6 131 59.0
024112 112 52 52.7 131 58.2
024113     52 52.6 131 57.3
024114 114 52 52.9 131 56.3
024115     52 53.3 131 55.6
024116 116 52 53.6 131 54.8
024117     52 53.6 131 53.7
024118 118 52 53.4 131 53.1
024119     52 53.0 131 53.2
024120 120 52 52.9 131 52.6
024121     52 52.6 131 52.0
024122 122 52 52.2 131 51.0
024123     52 51.7 131 50.7
024124 124 52 51.5 131 51.7
024125     52 52.1 131 52.4
024126 126 52 51.5 131 52.3
024127     52 51.1 131 51.8
024128 128 52 50.6 131 52.1
024129     52 50.3 131 53.1
024130 130 52 49.9 131 52.7
024131     52 50.1 131 51.8
024132 132 52 49.9 131 50.8
024133     52 50.1 131 50.7
024134 134 52 50.7 131 50.6
024135 135 52 50.8 131 49.3
024136 136 52 43.0 131 35.2
024137     52 43.0 131 36.1
024138 138 52 43.1 131 36.9
024139     52 43.0 131 37.8
024140 140 52 42.9 131 38.7
024141     52 42.9 131 39.4
024142 142 52 42.8 131 40.4
024143     52 42.4 131 40.5
024144 144 52 42.0 131 41.1
024145     52 42.0 131 40.5
024146 146 52 42.3 131 39.9
024147     52 42.4 131 38.9
024148 148 52 42.5 131 38.2
024149     52 42.1 131 37.8
024150 150 52 41.7 131 38.3
024151     52 41.5 131 38.4
024152 152 52 41.3 131 37.8
024153     52 41.5 131 37.1
024154 154 52 42.0 131 36.5
024155     52 42.3 131 35.8
024156 156 52 42.3 131 35.1
024157     52 42.0 131 34.4
024158 158 52 41.8 131 33.9
024159     52 41.2 131 33.6
024160 160 52 40.9 131 33.7
024161     52 41.0 131 33.0
024162 162 52 41.5 131 33.1
024163     52 42.1 131 33.2
024164 164 52 42.5 131 32.7
024165     52 42.9 131 32.4
024166 166 52 43.3 131 31.8
024167     52 43.6 131 31.4
024168 168 52 43.9 131 30.8
024169     52 44.1 131 30.1
024170 170 52 44.3 131 29.6
024171 171 52 44.1 131 28.9
024177 177 52 50.7 131 48.0
024178 178 52 50.9 131 47.3
024179     52 51.2 131 46.4
024180 180 52 51.6 131 45.6
024181     52 51.5 131 44.6
024182 182 52 51.3 131 43.7
024183     52 50.7 131 43.2
024184 184 52 50.5 131 43.9
024185     52 50.5 131 44.9
024186 186 52 50.3 131 44.1
024187     52 50.2 131 43.1
024188 188 52 50.5 131 42.2
024189     52 50.6 131 41.2
024190 190 52 50.5 131 40.2
024191     52 50.5 131 39.2
024192 192 52 50.0 131 38.6
024193     52 49.8 131 39.3
024194 194 52 49.7 131 40.0
024195     52 49.4 131 40.6
024196 196 52 49.1 131 41.3
024197     52 48.9 131 42.1
024198 198 52 48.7 131 42.8
024199     52 48.6 131 43.7
024200 200 52 48.5 131 44.5
024210 210 52 45.4 131 48.6
024211     52 45.8 131 48.8
024212 212 52 46.1 131 49.5
024213     52 46.2 131 50.4
024214 214 52 46.0 131 51.3
024215     52 45.8 131 52.0
024216 216 52 45.7 131 52.5
024217     52 45.4 131 53.3
024218 218 52 44.8 131 52.9
024219     52 44.4 131 52.4
024220 220 52 44.8 131 52.6
024221     52 45.1 131 53.0
024222 222 52 45.3 131 52.5
024223     52 45.6 131 51.8
024224 224 52 45.7 131 51.1
024225     52 45.6 131 50.2
024226 226 52 45.4 131 49.3
024227     52 45.0 131 48.8
024228 228 52 44.7 131 48.3
024229     52 44.2 131 48.5
024230 230 52 43.8 131 49.0
024231     52 43.5 131 49.4
024232 232 52 43.2 131 49.8
024233     52 42.6 131 50.3
024234 234 52 42.3 131 50.8
024235     52 42.2 131 50.4
024236 236 52 42.4 131 50.1
024237     52 42.8 131 49.7
024238 238 52 42.8 131 49.0
024239     52 42.4 131 48.8
024240 240 52 42.3 131 48.6
024241     52 42.3 131 48.3
024242 242 52 42.8 131 48.3
024243     52 42.9 131 47.9
024244 244 52 42.8 131 47.0
025180 180 52 17.1 131 17.2
025181 181 52 17.4 131 17.8
025182 182 52 17.4 131 17.5
025183 183 52 17.2 131 16.9
025184 184 52 17.9 131 17.9
025188 188 52 21.2 131 21.0
025189     52 20.9 131 21.5
025190 190 52 20.8 131 22.0
025191     52 20.7 131 21.6
025192 192 52 20.7 131 20.9
025193     52 20.3 131 20.5
025194 194 52 19.7 131 20.7
025195     52 19.4 131 21.0
025196 196 52 19.2 131 20.3
025197     52 18.7 131 20.4
025198 198 52 18.4 131 20.4
025199     52 18.3 131 20.0
025200 200 52 17.9 131 19.8
025201     52 17.5 131 19.4
025202 202 52 17.0 131 19.4
025203     52 17.2 131 19.2
025204 204 52 17.8 131 19.1
025205     52 18.2 131 18.6
025206 206 52 17.9 131 18.5
025207     52 17.4 131 18.0
025208 208 52 17.1 131 17.5
025209     52 16.7 131 16.8
025210 210 52 16.4 131 16.4
025211     52 16.1 131 15.9
025212 212 52 15.6 131 15.3
025213     52 15.2 131 15.0
025214 214 52 14.7 131 14.7
025215     52 14.8 131 14.2
025216 216 52 15.2 131 13.9
025217     52 15.6 131 13.6
025218 218 52 15.8 131 12.9
025219     52 16.0 131 13.8
025220 220 52 16.2 131 14.4
025221     52 16.4 131 15.0
025222 222 52 16.9 131 15.5
025223     52 17.1 131 15.9
025224 224 52 17.7 131 16.1
025225     52 18.0 131 16.5
025226 226 52 17.9 131 16.2
025227     52 17.6 131 15.9
025228 228 52 17.5 131 15.8
025229     52 17.2 131 15.4
025230 230 52 17.5 131 15.3
025231     52 17.7 131 15.2
025232 232 52 18.1 131 14.9
025233     52 18.3 131 14.5
025234 234 52 17.9 131 13.7
025235     52 17.5 131 13.5
025236 236 52 17.7 131 13.1
025237     52 18.2 131 14.1
025238 238 52 18.1 131 13.6
025239     52 18.5 131 13.2
025240 240 52 18.9 131 12.8
025241     52 19.0 131 12.5
025242 242 52 19.1 131 11.5
025243 243 52 19.4 131 11.0
025244 244 52 19.3 131 10.3
025245 245 52 19.3 131 15.8
025246 246 52 19.2 131 16.5
025247     52 19.3 131 17.2
025248 248 52 19.5 131 17.1
025249     52 19.5 131 16.4
025250 250 52 19.4 131 16.0
025251 251 52 19.5 131 15.2
025252 252 52 20.8 131 15.5
025253     52 20.7 131 16.1
025254 254 52 20.7 131 16.6
025255     52 20.7 131 17.6
025256 256 52 21.0 131 18.2
025257     52 20.5 131 18.3
025258 258 52 20.1 131 18.5
025259 259 52 20.1 131 18.0
025260 260 52 20.1 131 17.6
025261     52 19.9 131 18.2
025262 262 52 19.8 131 18.7
025291 291 52 26.0 131 14.3   ! original (duplicate = 021291 to 021299)
025292 292 52 25.4 131 14.7
025293     52 25.1 131 15.2
025294 294 52 24.9 131 15.9
025295     52 24.5 131 15.8
025296 296 52 24.1 131 16.5
025297     52 23.8 131 17.2
025298 298 52 23.3 131 17.7
025299     52 22.9 131 18.0
025300 300 52 22.4 131 18.1
025301     52 22.1 131 18.4
025302 302 52 21.6 131 18.6
025303     52 21.4 131 19.3
025304 304 52 21.2 131 19.2
025305     52 21.3 131 18.7
025306 306 52 21.6 131 18.2
025307     52 21.8 131 17.7
025308 308 52 22.0 131 17.2
025309     52 22.5 131 17.4
025310 310 52 22.8 131 16.9
025311     52 22.6 131 16.4
025312 312 52 22.2 131 16.7
025313     52 21.9 131 16.8
025314 314 52 22.1 131 16.0
025315     52 22.2 131 15.4
025316 316 52 22.3 131 14.7
025317     52 21.9 131 15.3
025318 318 52 21.6 131 15.5
025319     52 21.3 131 15.7
025320 320 52 20.9 131 15.8
032000   0 55 56.2 130  0.2
032001   1 55 55.9 130  0.4
032002   2 55 55.5 130  0.6
032003   3 55 55.0 130  0.8
032004   4 55 54.7 130  1.4
032005   5 55 54.3 129 59.7
032006   6 55 54.0 129 59.9
032007   7 55 53.6 130  0.2
032008   8 55 53.1 130  0.3
032009   9 55 52.6 130  1.0
032010  10 55 52.2 130  1.6
032011  11 55 54.1 130  1.9
032012  12 55 53.5 130  2.3
032013  13 55 53.0 130  2.8
032014  14 55 52.5 130  3.6
032015  15 55 52.0 130  3.6
032016  16 55 51.5 130  4.2
032017  17 55 50.9 130  4.5
032020  20 55 25.6 129 47.5
032021     55 26.4 129 46.5
032022  22 55 27.5 129 46.3
032023     55 28.6 129 46.0
032024  24 55 29.6 129 46.4
032025     55 30.6 129 47.1
032026  26 55 31.7 129 47.6
032027     55 32.6 129 47.9
032028  28 55 33.6 129 48.1
032029     55 34.7 129 48.3
032030  30 55 35.7 129 47.9
032031     55 36.5 129 48.3
032032  32 55 37.7 129 48.7
032033     55 37.9 129 47.3
032034  34 55 37.4 129 47.2
032035     55 35.4 129 46.7
032036  36 55 34.5 129 46.9
032037     55 33.5 129 46.7
032038  38 55 32.4 129 45.8
032039     55 31.4 129 46.0
032040  40 55 30.6 129 45.5
032041     55 29.7 129 45.0
032042  42 55 28.9 129 44.6
032043     55 27.7 129 43.4
032044  44 55 26.5 129 43.2
032045     55 25.7 129 42.7
032046  46 55 25.0 129 41.5
032047     55 25.8 129 40.6
032048  48 55 26.5 129 40.1
032049     55 27.1 129 38.9
032050  50 55 27.5 129 37.5
032051     55 27.5 129 35.7
032052  52 55 27.3 129 33.8
032053     55 27.2 129 32.2
032054  54 55 27.2 129 30.5
032055     55 27.8 129 29.9
032056  56 55 28.5 129 29.4
032057     55 28.6 129 28.3
032058  58 55 27.9 129 27.9
032059     55 27.4 129 28.8
032060  60 55 26.7 129 29.5
032061     55 26.4 129 30.6
032062  62 55 26.3 129 31.3
032063     55 26.3 129 32.4
032064  64 55 26.3 129 33.5
032065     55 26.5 129 35.1
032066  66 55 26.8 129 36.9
032067     55 26.4 129 38.5
032068  68 55 25.9 129 39.8
032069     55 25.1 129 40.0
032070  70 55 24.3 129 40.4
032080  80 54 58.6 129 59.3
032081     54 58.5 130  1.0
032082  82 54 57.9 130  2.1
032083     54 57.4 130  2.9
032084  84 54 56.9 130  3.6
032085     54 56.1 130  4.4
032086  86 54 54.9 130  5.7
032087     54 53.8 130  6.9
032088  88 54 52.8 130  8.4
032089     54 51.7 130  9.7
032090  90 54 50.7 130 10.4
032091  91 54 50.7 130  9.4
032092  92 54 49.8 130  8.1
032093     54 49.6 130  9.2
032094  94 54 48.6 130 10.0
032095  95 54 47.6 130 10.3
032100 100 54 37.8 130 23.4
032101     54 37.0 130 22.2
032102 102 54 36.3 130 20.7
032103     54 35.5 130 19.4
032104 104 54 34.6 130 17.6
032105     54 33.6 130 17.7
032106 106 54 32.5 130 16.2
032107     54 31.5 130 15.5
032108 108 54 31.2 130 13.8
032109     54 30.4 130 13.8
032110 110 54 29.3 130 13.2
032111     54 28.5 130 11.4
032112 112 54 27.3 130 10.0
032113     54 26.1 130  8.5
032114 114 54 25.4 130  7.3
032115 115 54 24.6 130  8.5
032116 116 54 25.5 130  9.7
032117     54 26.7 130 10.9
032118 118 54 27.8 130 12.8
032119     54 28.8 130 14.2
032120 120 54 29.6 130 15.4
032121     54 30.4 130 16.3
032122 122 54 31.1 130 17.1
032123     54 32.1 130 17.9
032124 124 54 33.2 130 19.0
032125     54 34.1 130 20.5
032126 126 54 35.0 130 22.4
032127     54 34.6 130 20.8
032128 128 54 35.4 130 21.1
032129     54 36.6 130 22.6
032130 130 54 37.3 130 23.9
032131 131 54 38.0 130 25.5
032140 140 54 42.8 130 33.7
032141     54 42.4 130 32.8
032142 142 54 42.1 130 31.7
032143     54 42.7 130 31.0
032144 144 54 42.7 130 29.8
032145     54 42.3 130 28.3
032146 146 54 43.2 130 27.7
032147     54 44.3 130 26.9
032148 148 54 45.3 130 26.2
032149 149 54 46.1 130 26.3
032150 150 54 46.1 130 25.2
032151     54 46.8 130 23.7
032152 152 54 47.4 130 22.2
032153     54 48.2 130 21.3
032154 154 54 48.5 130 20.0
032155     54 49.2 130 18.7
032156 156 54 49.2 130 18.0
032157     54 49.9 130 17.0
032158 158 54 50.4 130 16.5
032159     54 51.1 130 15.6
032160 160 54 51.7 130 14.8
033004   4 54 38.9 130 26.8
033005     54 38.5 130 26.9
033006   6 54 38.1 130 27.0
033007     54 37.8 130 26.4
033008   8 54 37.5 130 26.2
033009     54 37.6 130 27.1
033010  10 54 37.2 130 27.3
033011     54 36.8 130 27.1
033012  12 54 36.5 130 26.2
033013     54 36.3 130 26.2
033014  14 54 36.2 130 26.6
033015  15 54 36.0 130 27.5
033016  16 54 35.5 130 27.8
033017  17 54 35.6 130 27.4
033018  18 54 36.1 130 26.6
033019     54 36.2 130 26.3
033020  20 54 35.8 130 26.1
033021     54 35.7 130 25.5
033022  22 54 35.3 130 24.9
033023     54 34.8 130 24.4
033024  24 54 34.5 130 23.7
033025     54 33.9 130 23.3
033026  26 54 33.4 130 22.9
033027     54 33.4 130 23.4
033028  28 54 33.6 130 24.0
033029     54 33.9 130 24.9
033030  30 54 33.7 130 25.6
033031     54 33.9 130 25.8
033032  32 54 33.6 130 26.0
033033     54 33.0 130 26.1
033034  34 54 32.6 130 26.4
033035     54 32.0 130 26.7
033036  36 54 31.6 130 27.0
033037  37 54 31.1 130 26.9
033074  74 54 34.5 130 27.5
033075  75 54 34.4 130 27.6
033076  76 54 34.2 130 27.6
033077  77 54 34.5 130 27.3
033078  78 54 34.2 130 26.6
033079  79 54 33.4 130 26.9
033106 106 54 33.5 130 29.1
033107     54 34.0 130 28.6
033108 108 54 33.6 130 28.4
033109     54 33.3 130 28.0
033110 110 54 32.8 130 27.4
033111     54 32.2 130 27.5
033112 112 54 31.7 130 27.5
033113     54 31.3 130 28.1
033114 114 54 31.8 130 29.0
033115     54 32.2 130 29.0
033116 116 54 32.7 130 29.3
033117 117 54 33.1 130 29.3
041000   0 54 24.1 130 42.6
041001     54 24.5 130 42.9
041002   2 54 24.7 130 43.0
041003     54 24.8 130 43.8
041004   4 54 24.5 130 44.2
042062  62 54 30.8 130 26.8
042063     54 30.7 130 27.6
042064  64 54 30.7 130 26.8
042065     54 30.5 130 26.4
042066  66 54 30.0 130 26.7
042067     54 29.9 130 27.5
042068  68 54 30.4 130 28.1
042069     54 29.8 130 27.9
042070  70 54 29.4 130 27.7
042071     54 29.1 130 27.8
042072  72 54 29.7 130 27.5
042073     54 29.8 130 26.8
042074  74 54 29.4 130 26.5
042075     54 29.0 130 26.0
042076  76 54 28.6 130 25.7
042077     54 28.6 130 24.7
042078  78 54 28.7 130 24.7
042079     54 28.3 130 24.5
042080  80 54 28.1 130 24.4
042081     54 28.3 130 24.0
042082  82 54 28.2 130 23.9
042083     54 27.8 130 23.7
042084  84 54 27.7 130 23.1
042085     54 27.3 130 23.2
042086  86 54 27.3 130 23.6
042087     54 27.1 130 24.5
042088  88 54 27.0 130 25.3
042089     54 27.1 130 25.8
042090  90 54 27.4 130 26.4
042091     54 27.2 130 27.1
042092  92 54 26.8 130 27.8
042093     54 26.4 130 28.0
042094  94 54 26.6 130 28.6
042095     54 26.2 130 29.0
042096  96 54 25.7 130 29.1
042097     54 25.3 130 28.7
042098  98 54 24.8 130 28.9
042099     54 24.3 130 29.2
042100 100 54 23.9 130 29.0
042101     54 23.5 130 28.5
042102 102 54 23.0 130 28.6
042103     54 22.5 130 28.6
042104 104 54 22.1 130 28.8
042105     54 21.8 130 28.6
042106 106 54 21.5 130 28.0
042107     54 21.1 130 27.5
042108 108 54 20.8 130 27.8
042109     54 20.6 130 27.4
042110 110 54 20.3 130 27.9
042111     54 20.1 130 28.8
042112 112 54 20.0 130 29.7
042113     54 20.3 130 30.3
042114 114 54 19.8 130 30.5
042115     54 19.3 130 30.7
042116 116 54 19.2 130 30.5
042117     54 19.7 130 29.2
042118 118 54 20.1 130 29.2
042119     54 19.8 130 28.4
042120 120 54 20.2 130 27.6
042121     54 20.2 130 26.7
042122 122 54 20.4 130 26.2
042123     54 20.7 130 25.8
042124 124 54 20.5 130 25.5
042125     54 20.5 130 25.1
042126 126 54 20.2 130 25.0
042127     54 19.8 130 24.9
042128 128 54 19.7 130 24.5
042129     54 19.2 130 24.2
042130 130 54 19.3 130 23.8
042131     54 19.7 130 24.2
042132 132 54 19.7 130 23.4
042133     54 20.1 130 22.9
042134 134 54 19.6 130 22.9
042135     54 19.4 130 22.4
042136 136 54 19.0 130 22.2
042137     54 19.6 130 21.7
042138 138 54 19.5 130 21.5
042139     54 19.7 130 20.7
042140 140 54 19.9 130 20.0
042141 141 54 20.1 130 19.3
042143 143 54 15.2 130 24.6
042144 144 54 15.5 130 24.9
042145     54 15.8 130 25.5
042146 146 54 16.1 130 25.9
042147     54 16.5 130 26.2
042148 148 54 16.8 130 26.6
042149     54 17.1 130 27.4
042150 150 54 17.3 130 27.5
042151     54 17.7 130 28.0
042152 152 54 17.3 130 28.6
042153     54 17.8 130 28.0
042154 154 54 18.3 130 28.2
042155     54 18.5 130 27.9
042156 156 54 18.6 130 27.4
042157     54 19.1 130 27.2
042158 158 54 19.3 130 27.7
042159     54 19.5 130 27.3
042160 160 54 19.4 130 27.8
042161     54 19.8 130 26.2
042163 163 54 18.8 130 24.1
042164 164 54 18.5 130 23.2
042165     54 18.0 130 22.9
042166 166 54 17.5 130 23.1
042167 167 54 17.1 130 22.8
042177 177 54 14.5 130 20.6
043000   0 54  4.8 130 28.0
043001     54  4.7 130 27.3
043002   2 54  4.4 130 26.8
043003     54  4.3 130 26.7
043004   4 54  3.7 130 26.6
043005     54  3.3 130 26.6
043006   6 54  3.2 130 26.0
043007     54  3.6 130 25.7
043008   8 54  3.6 130 26.0
043009     54  4.0 130 26.1
043010  10 54  4.1 130 26.4
043011     54  4.6 130 26.6
043012  12 54  5.2 130 26.7
043013     54  5.5 130 26.2
043014  14 54  5.9 130 26.7
043015     54  6.2 130 26.8
043016  16 54  5.8 130 26.2
043017     54  6.0 130 25.5
043018  18 54  5.9 130 25.4
043019     54  6.2 130 24.7
043020  20 54  5.6 130 24.7
043021     54  5.4 130 24.5
043022  22 54  5.4 130 23.8
043023     54  5.1 130 23.3
043024  24 54  4.7 130 22.8
043025     54  4.9 130 23.0
043026  26 54  5.3 130 23.0
043027     54  5.1 130 22.7
043028  28 54  4.7 130 22.0
043029     54  4.4 130 21.4
043030  30 54  4.1 130 20.5
043031     54  3.8 130 19.9
043032  32 54  3.6 130 19.4
043033     54  3.2 130 19.0
043034  34 54  2.7 130 18.6
043035     54  2.4 130 18.1
043036  36 54  1.9 130 17.7
043037     54  1.4 130 17.2
043038  38 54  0.9 130 17.5
043039     54  1.0 130 17.3
043040  40 54  0.8 130 16.2
043041     54  0.5 130 15.8
043042  42 54  0.1 130 15.3
043043     53 59.7 130 15.2
043044  44 53 59.6 130 14.7
043045  45 53 59.5 130 13.8
043046  46 53 59.6 130 14.2
043047     54  0.0 130 14.7
043048  48 54  0.3 130 15.3
043049     54  0.3 130 15.1
043050  50 54  2.1 130 15.6
043051     54  1.9 130 15.8
043052  52 54  1.7 130 16.3
043053     54  2.0 130 16.5
043054  54 54  2.4 130 16.7
043055     54  2.6 130 16.3
043056  56 54  2.6 130 16.1
043057     54  2.8 130 15.7
043058  58 54  2.4 130 15.5
043059  59 54  3.5 130 17.7
043060  60 54  3.3 130 17.3
043061     54  2.9 130 17.5
043062  62 54  2.4 130 17.4
043063     54  2.6 130 17.7
043064  64 54  3.2 130 18.3
043065     54  3.5 130 18.9
043066  66 54  4.0 130 19.4
043067     54  4.2 130 20.0
043068  68 54  4.2 130 19.7
043069  69 54  4.3 130 19.2
042060  60 54 19.4 130 29.1
043070  70 54  3.8 130 18.4
043072  72 54  5.6 130 23.5
043080  80 54  1.9 130 33.7
043081     54  2.4 130 33.0
043082  82 54  2.7 130 33.1
043083     54  3.0 130 33.2
043084  84 54  3.3 130 33.1
043085     54  3.1 130 32.2
043086  86 54  2.9 130 31.6
043087     54  3.2 130 31.3
043088  88 54  3.6 130 31.7
043089     54  4.0 130 31.3
043090  90 54  4.0 130 30.6
043091     54  4.0 130 29.7
043092  92 54  4.3 130 28.9
043093  93 54  4.3 130 28.5
043094  94 54  4.7 130 28.7
043095  95 54  5.1 130 28.9
043096  96 54  7.5 130 38.2
043097  97 54  7.2 130 38.7
043100 100 54  6.9 130 39.1
043101     54  7.0 130 39.7
043102 102 54  6.9 130 40.3
043103 103 54  6.7 130 40.8
043120 120 54  3.9 130 34.2
043121     54  3.9 130 34.8
043122 122 54  4.1 130 35.5
043123     54  4.3 130 36.1
043124 124 54  4.5 130 36.7
043125     54  4.8 130 37.0
043126 126 54  4.4 130 37.7
043127     54  4.1 130 37.1
043128 128 54  4.2 130 36.6
043129     54  4.1 130 35.8
043130 130 54  3.8 130 35.4
043131 131 54  3.5 130 35.1
051000   0 53 37.7 130 32.3
051001     53 37.5 130 32.8
051002   2 53 37.3 130 33.5
051003     53 36.9 130 33.8
051004   4 53 36.7 130 34.3
051005     53 36.6 130 33.9
051006   6 53 36.7 130 33.2
051007     53 36.9 130 32.8
051008   8 53 37.0 130 32.4
051009     53 36.7 130 32.6
051010  10 53 36.4 130 32.0
051011     53 36.2 130 33.5
051012  12 53 36.1 130 32.0
051013     53 36.1 130 32.3
051014  14 53 36.0 130 32.6
051015     53 35.6 130 32.7
051016  16 53 35.5 130 32.4
051017     53 35.5 130 32.1
051018  18 53 35.1 130 32.6
051019     53 34.7 130 32.7
051020  20 53 34.5 130 32.1
051021     53 34.4 130 32.1
051022  22 53 34.4 130 32.8
051023     53 33.8 130 32.8
051024  24 53 33.5 130 32.7
051025     53 33.0 130 32.6
051026  26 53 32.9 130 32.2
051027     53 32.6 130 31.4
051028  28 53 32.1 130 31.3
051029     53 32.2 130 30.8
051030  30 53 32.5 130 30.5
051031     53 32.2 130 29.7
051032  32 53 31.8 130 29.2
051033     53 31.4 130 29.2
051034  34 53 31.1 130 28.5
051035     53 30.6 130 27.9
051036  36 53 30.5 130 27.2
051037     53 30.7 130 26.5
051038  38 53 30.4 130 25.9
051039     53 30.1 130 26.3
051040  40 53 29.8 130 26.8
051041     53 29.5 130 27.1
051042  42 53 29.0 130 27.1
051043     53 28.9 130 26.8
051044  44 53 28.4 130 26.6
051045     53 28.9 130 26.0
051046  46 53 29.4 130 26.2
051047     53 29.3 130 25.7
051048  48 53 29.3 130 25.1
051049     53 29.8 130 25.0
051050  50 53 30.2 130 25.3
051051  51 53 30.4 130 24.8
051080  80 53 21.1 130 10.8
051081     53 21.4 130 10.1
051082  82 53 21.1 130  9.9
051083     53 21.2 130  9.2
051084  84 53 21.1 130  9.8
052000   0 53 49.7 130 20.3
052001     53 49.7 130 21.1
052002   2 53 49.7 130 21.7
052003     53 49.5 130 22.4
052004   4 53 49.6 130 23.2
052005     53 49.4 130 23.2
052006   6 53 49.6 130 23.9
052007     53 49.7 130 24.7
052008   8 53 50.0 130 25.2
052009     53 50.2 130 24.6
052010  10 53 50.3 130 25.2
052011     53 50.1 130 25.7
052012  12 53 50.3 130 26.1
052013     53 50.3 130 25.6
052014  14 53 50.7 130 26.1
052015     53 50.6 130 26.8
052016  16 53 50.3 130 26.7
052017     53 50.1 130 26.3
052018  18 53 49.7 130 26.2
052019     53 49.7 130 26.5
052020  20 53 50.0 130 26.7
052021     53 50.1 130 26.8
052022  22 53 50.3 130 27.2
052023     53 50.4 130 27.8
052024  24 53 50.3 130 28.7
052025     53 50.5 130 29.2
052026  26 53 50.2 130 29.9
052027  27 53 53.1 130 30.0
052028  28 53 53.4 130 30.6
052029     53 53.5 130 31.3
052030  30 53 53.6 130 30.7
052031     53 53.8 130 31.4
052032  32 53 54.0 130 32.2
052033     53 53.9 130 31.9
052034  34 53 54.1 130 33.4
052035     53 54.3 130 34.0
052036  36 53 54.6 130 34.3
052037     53 55.1 130 34.5
052038  38 53 55.1 130 35.2
052039     53 55.2 130 34.9
052040  40 53 55.7 130 34.8
052041     53 55.8 130 35.3
052042  42 53 56.1 130 35.8
052043     53 56.5 130 36.2
052044  44 53 56.9 130 36.8
052045     53 57.2 130 37.5
052046  46 53 56.9 130 37.7
052047     53 56.4 130 37.9
052048  48 53 56.2 130 38.4
052049     53 56.1 130 39.2
052050  50 53 56.3 130 39.8
052051     53 56.5 130 40.3
052052  52 53 56.7 130 40.6
052053     53 56.5 130 41.0
052054  54 53 56.0 130 40.7
052055     53 55.6 130 41.1
052056  56 53 55.2 130 40.9
052057     53 54.9 130 40.7
052058  58 53 55.0 130 41.3
052059     53 54.7 130 41.7
052060  60 53 54.5 130 41.7
052061     53 54.3 130 41.9
052062  62 53 53.8 130 41.8
052063     53 53.4 130 41.5
052064  64 53 53.2 130 40.7
052065     53 52.9 130 39.9
052066  66 53 52.6 130 39.3
052067     53 52.3 130 38.5
052068  68 53 52.1 130 37.8
052069     53 51.8 130 37.1
052070  70 53 51.5 130 36.7
052071     53 51.4 130 36.6
052072  72 53 51.2 130 37.2
052073     53 51.0 130 37.2
052074  74 53 50.7 130 37.1
052075     53 50.7 130 37.8
052076  76 53 50.6 130 38.3
052077     53 50.5 130 38.4
052078  78 53 50.3 130 38.3
052079  79 53 50.7 130 38.2
052080  80 53 51.0 130 36.6
052081     53 51.3 130 36.4
052082  82 53 51.3 130 35.6
052083     53 50.7 130 35.6
052084  84 53 50.5 130 35.9
052085  85 53 50.3 130 35.9
052086  86 53 50.7 130 35.1
052087  87 53 51.1 130 35.5
052088  88 53 51.3 130 35.1
052089  89 53 52.4 130 33.4
052090  90 53 52.3 130 32.9
052091  91 53 52.0 130 33.3
052092  92 53 52.1 130 33.9
052093  93 53 52.4 130 33.7
052094  94 53 48.6 130 37.8
052095     53 48.8 130 38.3
052096  96 53 49.3 130 37.6
052097     53 49.7 130 36.9
052098  98 53 49.9 130 36.3
052099     53 50.3 130 35.6
052100 100 53 50.5 130 35.1
052101     53 50.8 130 34.6
052102 102 53 51.0 130 33.9
052103     53 50.8 130 33.3
052104 104 53 50.5 130 32.6
052105 105 53 50.1 130 31.8
052106 106 53 49.8 130 31.2
052107 107 53 49.5 130 30.5
052108 108 53 55.0 130 37.7
052109     53 54.9 130 36.9
052110 110 53 54.9 130 36.2
052111     53 54.8 130 36.8
052112 112 53 54.5 130 36.3
052113     53 54.2 130 35.8
052114 114 53 53.9 130 35.2
052115     53 53.4 130 35.3
052116 116 53 53.0 130 35.7
052117     53 52.8 130 36.4
052118 118 53 52.4 130 36.9
052119     53 52.8 130 37.5
052120 120 53 52.8 130 37.9
052121     53 53.0 130 38.3
052122 122 53 53.3 130 38.8
052123     53 53.4 130 38.2
052124 124 53 53.1 130 37.7
052125     53 53.1 130 37.1
052126 126 53 53.0 130 36.7
052127     53 53.2 130 37.3
052128 128 53 53.3 130 38.0
052129     53 53.5 130 38.9
052130 130 53 53.7 130 39.5
052131     53 53.8 130 39.6
052132 132 53 54.3 130 39.4
052133     53 54.4 130 39.1
052134 134 53 54.9 130 38.4
052135 135 53 55.1 130 38.2
052137 137 53 55.7 130 40.1
052138 138 53 55.6 130 39.8
052139     53 55.3 130 39.4
052140 140 53 55.3 130 40.0
052141     53 55.1 130 39.7
052142 142 53 55.0 130 40.3
052143 143 53 54.5 130 40.5
052144 144 53 54.4 130 40.0
052145 145 53 54.2 130 40.1
052146 146 53 54.3 130 40.4
052147     53 53.4 130 31.7
052148 148 53 53.5 130 32.0
052149     53 53.6 130 32.0
052150 150 53 53.5 130 31.7
052151 151 53 50.2 130 38.4
052152 152 53 50.1 130 38.8
052153     53 50.2 130 39.1
052154 154 53 50.2 130 39.5
052155     53 50.5 130 39.6
052156 156 53 50.7 130 39.7
052157     53 50.7 130 40.0
052158 158 53 50.8 130 40.3
052159     53 50.6 130 40.7
052160 160 53 50.5 130 40.9
052161     53 50.6 130 41.5
052162 162 53 50.7 130 41.9
052163     53 50.8 130 42.2
052164 164 53 51.1 130 42.1
052165     53 51.3 130 42.2
052166 166 53 51.5 130 42.4
052167     53 51.7 130 42.7
052168 168 53 51.9 130 43.0
052169     53 52.1 130 43.3
052170 170 53 52.5 130 43.0
052171 171 53 52.7 130 42.8
052200 200 53 49.3 130 30.2
052201     53 48.9 130 30.3
052202 202 53 48.9 130 30.8
052203     53 48.8 130 31.2
052204 204 53 48.7 130 31.7
052205     53 48.5 130 32.2
052206 206 53 48.3 130 32.5
052207     53 48.2 130 32.3
052208 208 53 48.1 130 31.8
052209     53 47.9 130 32.1
052210 210 53 47.7 130 32.2
052211     53 47.5 130 32.6
052212 212 53 47.3 130 32.6
052213     53 47.5 130 32.8
052214 214 53 47.4 130 33.3
052215     53 47.4 130 33.8
052216 216 53 47.6 130 34.1
052217     53 47.6 130 34.6
052218 218 53 47.4 130 35.0
052219     53 47.4 130 35.7
052220 220 53 47.9 130 36.3
052221     53 47.9 130 37.0
052222 222 53 48.2 130 37.3
052223 223 53 48.5 130 37.4
052224 224 53 48.5 130 28.3
052225     53 48.3 130 27.9
052226 226 53 48.3 130 28.3
052227     53 48.0 130 28.4
052228 228 53 48.0 130 28.0
052240 240 53 46.7 130 28.1
052241     53 46.8 130 27.4
052242 242 53 47.2 130 26.8
052243     53 46.7 130 26.9
052244 244 53 46.3 130 27.2
052245     53 46.2 130 26.8
052246 246 53 46.4 130 27.4
052247     53 46.5 130 27.9
052248 248 53 46.4 130 28.3
052249     53 45.9 130 28.5
052250 250 53 45.8 130 28.2
052251     53 45.6 130 27.6
052252 252 53 45.2 130 27.2
052253     53 44.8 130 26.7
052254 254 53 44.9 130 25.9
052340 340 53 50.5 130 30.2
052341     53 50.8 130 30.5
052342 342 53 50.9 130 30.4
052343     53 50.9 130 29.7
052344 344 53 50.8 130 29.9
052360 360 53 54.0 130 27.7
052361     53 54.2 130 27.4
052362 362 53 54.4 130 27.4
052363     53 54.6 130 27.1
052364 364 53 54.9 130 27.0
053143 143 53 33.9 130  0.2
053144 144 53 34.2 129 59.3
053145     53 34.4 129 58.8
053146 146 53 34.5 129 58.4
053147     53 34.4 129 57.7
053148 148 53 34.6 129 57.0
053149     53 34.5 129 56.7
053150 150 53 34.5 129 56.0
053151     53 34.8 129 55.5
053152 152 53 34.5 129 55.5
053153     53 34.8 129 54.8
053154 154 53 34.9 129 54.2
053155     53 35.0 129 53.5
053156 156 53 34.6 129 53.1
053157     53 34.3 129 53.2
053158 158 53 34.1 129 52.7
053159     53 33.9 129 53.3
053160 160 53 34.0 129 53.7
053161 161 53 33.6 129 56.7
053162 162 53 34.0 129 56.2
053163     53 34.2 129 56.4
053164 164 53 34.5 129 55.9
053165     53 34.6 129 55.2
053166 166 53 34.3 129 55.0
053167     53 34.3 129 55.4
053168 168 53 34.1 129 55.6
053169     53 33.8 129 55.5
053170 170 53 33.7 129 56.1
053171 171 53 34.2 129 54.0
053172 172 53 34.3 129 54.2
053173     53 34.2 129 54.8
053174 174 53 33.9 129 54.9
053175     53 33.6 129 55.2
053176 176 53 33.3 129 55.2
053177     53 33.3 129 55.5
053178 178 53 33.4 129 56.1
053179     53 33.3 129 56.8
053180 180 53 33.0 129 56.7
053181     53 33.0 129 56.2
053182 182 53 33.0 129 55.6
053183     53 33.1 129 55.1
053184 184 53 32.8 129 53.7
053185     53 32.9 129 54.1
053186 186 53 32.7 129 53.3
053187     53 32.9 129 53.0
053188 188 53 32.6 129 52.8
053189 189 53 32.3 129 52.8
053190 190 53 30.3 129 53.6
053191     53 30.1 129 53.2
053192 192 53 30.1 129 52.5
053193     53 30.4 129 51.9
053194 194 53 30.1 129 52.2
053195     53 30.0 129 53.0
053196 196 53 30.0 129 53.7
053197     53 29.6 129 53.6
053198 198 53 29.3 129 54.2
053199     53 28.9 129 54.4
053200 200 53 28.3 129 54.4
053201     53 28.3 129 53.3
053202 202 53 28.3 129 52.5
053203     53 28.4 129 52.2
053204 204 53 28.1 129 52.7
053205     53 28.1 129 53.2
053206 206 53 28.1 129 53.8
053207     53 27.9 129 54.2
053208 208 53 27.9 129 54.7
053209     53 27.6 129 54.3
053210 210 53 27.6 129 53.4
053211     53 27.4 129 52.8
053212 212 53 27.6 129 52.2
053213     53 27.4 129 51.8
053214 214 53 27.3 129 52.3
053215     53 27.2 129 52.1
053216 216 53 27.1 129 52.4
053217     53 27.0 129 52.1
053218 218 53 26.9 129 51.6
053219 219 53 27.1 129 50.8
053259 259 53 32.3 129 53.7
053260 260 53 32.6 129 53.7
053261     53 32.7 129 54.2
053262 262 53 32.5 129 54.7
053263     53 32.7 129 55.1
053264 264 53 32.8 129 55.6
053265     53 32.9 129 56.3
053266 266 53 32.6 129 56.6
061150 150 52 43.3 129 16.9
061151     52 42.8 129 16.3
061152 152 52 42.5 129 15.9
061153     52 42.3 129 15.0
061154 154 52 41.9 129 14.3
061155     52 41.8 129 14.0
061156 156 52 41.4 129 13.4
061157     52 41.2 129 12.8
061158 158 52 40.8 129 11.9
061159     52 40.7 129 11.1
061160 160 52 40.6 129 11.1
061161     52 40.7 129 11.8
061162 162 52 41.0 129 12.7
061163     52 41.2 129 13.5
061164 164 52 41.4 129 14.0
061165 165 52 41.6 129 14.4
062000   0 53 24.7 129 14.0
062001     53 24.2 129 13.7
062002   2 53 23.6 129 13.7
062003     53 23.2 129 13.4
062004   4 53 22.8 129 13.3
062005     53 22.2 129 13.3
062006   6 53 21.8 129 13.5
062007   7 53 21.4 129 13.6
062008   8 53 28.8 129  5.9
062009     53 28.5 129  5.4
062010  10 53 28.0 129  5.0
062011     53 27.5 129  4.8
062012  12 53 27.0 129  4.8
062013     53 26.6 129  5.3
062014  14 53 26.5 129  6.0
062015     53 26.2 129  6.6
062016  16 53 25.8 129  7.3
062017     53 25.4 129  7.7
062018  18 53 25.3 129  8.1
062019     53 25.0 129  8.6
062020  20 53 24.6 129  9.0
062021     53 24.1 129  9.0
062022  22 53 23.6 129  9.0
062023     53 23.3 129  9.4
062024  24 53 22.9 129  9.9
062025     53 23.4 129  9.8
062026  26 53 23.9 129 10.2
062027     53 24.4 129 10.5
062028  28 53 24.8 129 10.7
062029     53 25.2 129 10.8
062030  30 53 25.8 129 10.9
062031     53 26.3 129 10.7
062032  32 53 26.7 129 10.3
062033     53 27.1 129 10.3
062034  34 53 27.5 129 10.3
062035     53 27.9 129 10.3
062036  36 53 28.4 129 10.3
062037     53 28.9 129 10.3
062038  38 53 29.3 129 10.6
062039     53 29.8 129 10.6
062040  40 53 30.3 129 10.6
062041     53 30.8 129 10.5
062042  42 53 31.3 129 10.3
062043     53 31.8 129 10.2
062044  44 53 32.3 129 10.1
062045     53 32.7 129 10.1
062046  46 53 33.1 129 10.0
062047     53 33.5 129 10.4
062048  48 53 34.0 129 10.6
062049  49 53 34.5 129 10.7
062050  50 53 25.7 129 14.1
062051     53 25.4 129 14.7
062052  52 53 25.3 129 14.9
062053     53 24.9 129 15.4
062054  54 53 24.7 129 15.2
062055  55 53 24.3 129 15.8
062056  56 53  5.0 129  6.0
062057     53  5.0 129  6.6
062058  58 53  4.6 129  6.3
062059     53  4.4 129  5.9
062060  60 53  4.0 129  6.0
062061     53  4.2 129  6.6
062062  62 53  3.7 129  6.8
062063     53  3.4 129  6.9
062064  64 53  3.5 129  7.0
062065     53  3.8 129  7.2
062066  66 53  4.2 129  7.0
062067     53  4.6 129  7.2
062068  68 53  4.6 129  7.9
062069  69 53 31.9 129  0.5
062070  70 53 31.4 129  0.0
062071     53 30.9 128 59.7
062072  72 53 30.4 128 59.7
062073     53 30.0 128 59.8
062074  74 53 29.6 128 59.8
062075     53 29.1 128 59.7
062076  76 53 28.8 128 59.4
062077     53 28.4 128 59.2
062078  78 53 28.1 128 59.1
062079     53 27.6 128 58.8
062080  80 53 27.3 128 58.5
062081     53 26.8 128 58.1
062082  82 53 26.5 128 57.6
062083     53 26.1 128 57.0
062084  84 53 25.8 128 56.7
062085     53 25.4 128 56.2
062086  86 53 25.0 128 56.0
062090  90 53 21.6 129 14.7
062091     53 21.9 129 15.2
062092  92 53 22.2 129 15.6
062093     53 22.6 129 15.8
062094  94 53 23.1 129 16.0
062095     53 23.4 129 16.2
062096  96 53 23.9 129 16.3
062097     53 24.2 129 15.8
062098  98 53 24.4 129 15.1
062099     53 24.6 129 14.5
062100 100 53 24.1 129 16.6
062101     53 23.9 129 17.2
062102 102 53 23.6 129 17.2
062103     53 23.1 129 16.9
062104 104 53 22.7 129 16.6
062105     53 22.4 129 16.5
062106 106 53 21.8 129 16.1
062108 108 53 18.1 129 12.3
062109     53 18.6 129 13.1
062110 110 53 18.9 129 13.2
062111     53 19.2 129 13.8
062112 112 53 19.3 129 14.6
062113     53 19.5 129 15.3
062114 114 53 19.7 129 16.0
062115     53 19.5 129 16.4
062116 116 53 19.4 129 16.8
062117     53 19.1 129 17.0
062120 120 53 26.0 129 14.1
062121     53 26.4 129 14.4
062122 122 53 26.7 129 14.2
062123     53 27.0 129 14.0
062124 124 53 27.4 129 14.0
062125 125 53 27.8 129 14.0
062127 127 53 27.8 128 56.9
062128 128 53 27.6 128 56.3
062129     53 27.2 128 55.8
062130 130 53 26.7 128 55.2
062131     53 27.0 128 54.7
062132 132 53 27.6 128 54.3
062133     53 28.0 128 54.0
062134 134 53 28.5 128 53.3
062135     53 28.8 128 52.4
062136 136 53 28.7 128 51.6
062137     53 28.6 128 50.6
062138 138 53 28.4 128 50.3
062139     53 28.2 128 50.8
062140 140 53 28.0 128 52.0
062141     53 27.7 128 52.4
062142 142 53 27.0 128 52.6
062143     53 26.6 128 53.0
062144 144 53 26.3 128 53.6
062145 145 53 25.9 128 54.2
063000   0 53 57.7 128 42.1
063001     53 58.3 128 41.9
063002   2 53 58.9 128 41.8
063003     53 59.3 128 41.6
063004   4 53 59.9 128 41.5
063005     54  0.3 128 41.3
063006   6 54  0.2 128 40.4
063007     54  0.5 128 39.8
063008   8 54  0.8 128 39.0
063009     54  1.2 128 38.1
063010  10 54  1.7 128 37.6
063011     54  2.0 128 37.1
063012  12 54  1.6 128 36.6
063013     54  1.3 128 37.0
063014  14 54  0.8 128 37.7
063015     54  0.5 128 38.3
063016  16 54  0.2 128 38.9
063017     53 59.6 128 39.1
063018  18 53 59.1 128 39.1
063019     53 58.7 128 38.8
063020  20 53 58.2 128 38.8
063021     53 57.7 128 39.2
063022  22 53 57.1 128 39.5
063023     53 56.7 128 39.6
063024  24 53 56.2 128 40.2
063025     53 55.7 128 40.7
063026  26 53 55.3 128 41.0
063027     53 54.7 128 41.3
063028  28 53 54.3 128 40.8
063029     53 53.7 128 40.4
063030  30 53 53.7 128 40.7
063031     53 54.1 128 41.2
063032  32 53 54.6 128 41.8
063033     53 54.2 128 42.8
063034  34 53 53.6 128 42.6
063035     53 52.9 128 42.6
063036  36 53 52.4 128 42.0
063037     53 51.9 128 42.2
063038  38 53 52.1 128 41.4
063039     53 52.5 128 40.6
063040  40 53 52.7 128 40.2
063041     53 52.1 128 40.3
063042  42 53 51.9 128 39.5
063043     53 52.0 128 38.7
063044  44 53 51.7 128 38.0
063045     53 51.1 128 37.6
063046  46 53 50.9 128 36.7
063047  47 53 50.4 128 37.2
063048  48 53 50.7 128 37.9
063049     53 51.0 128 38.8
063050  50 53 51.2 128 40.2
063051     53 50.8 128 41.0
063052  52 53 50.4 128 41.7
063060  60 53 52.3 128 43.7
063061     53 51.9 128 44.5
063062  62 53 51.3 128 45.2
063063     53 51.0 128 45.7
063064  64 53 50.5 128 46.3
063065  65 53 50.0 128 46.5
063080  80 53 45.5 129  0.5
063081     53 45.8 128 59.6
063082  82 53 46.0 128 58.7
063083     53 46.4 128 58.0
063084  84 53 49.9 128 33.6
063085     53 50.1 128 32.7
063086  86 53 50.0 128 31.8
063087     53 49.6 128 31.2
063088  88 53 49.5 128 30.2
063089     53 50.0 128 29.4
063090  90 53 50.5 128 29.5
063091     53 50.8 128 30.3
063092  92 53 51.1 128 30.8
063093     53 51.0 128 31.8
063094  94 53 51.0 128 33.0
063095     53 50.9 128 33.7
063096  96 53 50.6 128 33.8
063097  97 53 50.7 128 34.7
064000   0 53 28.1 128 14.2
064001     53 28.5 128 13.8
064002   2 53 28.5 128 13.0
064003     53 28.5 128 12.2
064004   4 53 28.6 128 11.4
064005     53 28.7 128 10.6
064006   6 53 28.6 128  9.8
064007     53 28.6 128  8.9
064008   8 53 28.7 128  8.4
064009     53 29.0 128  8.1
064010  10 53 29.3 128  7.5
064011     53 29.5 128  7.0
064012  12 53 29.1 128  7.1
064013     53 28.8 128  7.3
064014  14 53 28.1 128  7.7
064015  15 53 27.9 128  7.1
064016  16 53 27.5 128  7.0
064017  17 53 19.9 128  6.5
064018  18 53 20.2 128  5.9
064019     53 20.8 128  5.3
064020  20 53 21.1 128  4.7
064021     53 21.5 128  4.1
064022  22 53 21.9 128  3.4
064023     53 22.2 128  3.0
064024  24 53 22.1 128  2.1
064025  25 53 21.6 128  1.7
064026  26 53 17.4 127 57.0
064027     53 16.9 127 57.0
064028  28 53 16.5 127 57.0
064029     53 15.9 127 56.9
064030  30 53 15.7 127 56.2
064031     53 15.4 127 55.6
064032  32 53 14.9 127 54.8
064033     53 14.6 127 54.4
064034  34 53 14.3 127 53.5
064035     53 13.7 127 52.8
064036  36 53 14.0 127 52.6
064037     53 25.8 128 32.6
064038  38 53 25.6 128 31.9
064039     53 25.7 128 31.0
064040  40 53 26.1 128 30.4
064041     53 26.4 128 30.3
064042  42 53 26.5 128 29.6
064043     53 26.7 128 28.9
064044  44 53 26.6 128 28.2
065000   0 53 14.0 128 40.9
065001   1 53 14.4 128 41.1
065002   2 53 14.2 128 40.4
065003   3 53  8.1 128 34.9
065004   4 53  7.8 128 34.3
065005     53  8.0 128 33.6
065006   6 53  8.1 128 32.8
065007     53  7.9 128 32.0
065008   8 53  7.8 128 31.2
065009     53  8.2 128 30.4
065010  10 53  8.5 128 29.7
065011     53  8.8 128 29.0
065012  12 53  8.7 128 28.4
065013     53  8.2 128 28.7
065014  14 53  7.9 128 29.7
065015     53  7.6 128 30.4
065016  16 53  7.4 128 31.0
065017     53  7.5 128 32.0
065018  18 53  7.7 128 32.8
065019  19 53  7.4 128 33.6
065020  20 53  5.3 128 33.3
065021  21 53  5.5 128 32.9
065022  22 53  5.7 128 32.0
065023     53  5.8 128 31.3
065024  24 53  5.7 128 30.4
065025     53  5.8 128 29.6
065026  26 53  6.0 128 28.9
065027     53  6.2 128 28.1
065028  28 53  6.4 128 27.4
065029     53  6.3 128 26.6
065030  30 53  6.1 128 25.9
065031  31 53  5.6 128 25.5
065032  32 53  5.4 128 26.6
065033     53  5.8 128 26.9
065034  34 53  5.7 128 27.8
065035     53  5.6 128 28.5
065036  36 53  5.5 128 29.3
065037     53  5.3 128 30.3
065038  38 53  5.3 128 31.0
065039  39 53  5.2 128 31.9
066000   0 52 56.5 129  8.4
066001   1 52 57.0 129  8.5
066002   2 52 57.6 129  8.7
066003     52 57.8 129  9.0
066004   4 52 58.1 129  8.7
066005     52 58.0 129  8.0
066006   6 52 58.5 129  8.2
066007   7 53  0.8 128 57.0
066008   8 53  1.1 128 56.3
066009     53  1.5 128 56.2
066010  10 53  1.9 128 55.5
066011     53  1.9 128 54.8
066012  12 53  1.8 128 53.9
066013     53  1.5 128 54.2
066014  14 53  1.4 128 55.3
066015     53  0.9 128 55.9
066016  16 53  0.5 128 56.4
066017  17 53  0.0 128 57.0
066018  18 52 53.9 129  4.5
066019     52 53.5 129  5.3
066020  20 52 53.2 129  5.6
066021     52 53.0 129  5.1
066022  22 52 52.8 129  4.4
066023  23 52 52.4 129  3.8
066024  24 52 52.1 129  3.0
066025  25 52 52.3 129  2.7
066026  26 52 52.0 129  2.0
066027  27 52 51.7 129  2.0
066028  28 52 51.2 129  1.8
066029     52 50.9 129  1.4
066030  30 52 50.6 129  0.1
066033  33 52 56.4 129 11.0
066034  34 52 55.9 129 10.9
066035     52 56.1 129 10.4
066036  36 52 55.8 129 10.3
066037     52 56.0 129 11.5
066038  38 52 55.5 129 10.2
066039     52 55.1 129  9.7
066040  40 52 55.2 129  9.4
066041     52 55.5 129  9.2
066042  42 52 55.6 129  8.9
066043     52 56.0 129  9.0
066044  44 52 55.9 129  8.7
066045     52 55.5 129  8.2
066046  46 52 55.0 129  8.3
066050  50 52 54.1 129  3.5
066051     52 54.4 129  2.8
066052  52 52 54.5 129  2.1
066053     52 54.9 129  1.7
066054  54 52 55.2 129  1.2
066067     52 52.8 129  6.7
066068  68 52 52.6 129  6.0
066069     52 52.5 129  5.3
066070  70 52 53.0 129  7.5
066071     52 52.6 129  7.7
066072  72 52 52.1 129  7.9
066073     52 51.8 129  7.6
066074  74 52 51.4 129  7.9
066075     52 50.8 129  8.1
066080  80 52 56.8 129 11.1
066081  81 52 57.2 129 11.0
066082  82 52 57.2 129 11.3
066083  83 52 57.1 129 11.7
066092  92 52 47.6 129  6.4
066093     52 47.8 129  5.6
066094  94 52 48.0 129  5.1
066095     52 48.3 129  4.5
066096  96 52 47.9 129  4.9
066097     52 47.7 129  5.6
066098  98 52 47.3 129  6.1
066099     52 47.2 129  5.4
066100 100 52 47.1 129  4.4
066101     52 47.1 129  3.6
066102 102 52 46.9 129  3.6
066103     52 46.9 129  4.3
066104 104 52 47.1 129  5.4
066105     52 47.0 129  6.0
066106 106 52 46.8 129  5.7
066107     52 46.3 129  5.0
066108 108 52 46.0 129  4.5
066109     52 45.9 129  3.7
066110 110 52 45.8 129  3.1
066111     52 45.9 129  2.0
066112 112 52 45.6 129  2.1
066113     52 45.5 129  3.3
066114 114 52 45.4 129  4.0
066115     52 45.1 129  4.4
066116 116 52 45.0 129  4.0
066126 126 52 46.0 129  9.7
066127     52 45.7 129  9.2
066128 128 52 45.2 129  8.4
066129     52 44.9 129  7.4
066130 130 52 44.4 129  6.6
066131     52 44.1 129  6.2
066132 132 52 43.7 129  5.6
066133     52 43.2 129  5.4
066134 134 52 43.0 129  4.8
066135     52 42.5 129  4.5
066136 136 52 42.1 129  4.0
066137     52 41.7 129  3.5
066138 138 52 41.4 129  3.0
066139     52 41.0 129  2.4
066140 140 52 40.7 129  1.4
067000   0 52 39.1 128 47.3
067001     52 38.6 128 46.9
067002   2 52 38.4 128 46.2
067003     52 38.0 128 46.5
067004   4 52 37.7 128 46.5
067005     52 37.7 128 46.2
067006   6 52 37.2 128 46.1
067007     52 36.9 128 46.5
067008   8 52 36.5 128 46.4
067009     52 36.6 128 46.1
067010  10 52 37.0 128 46.0
067011     52 37.5 128 45.4
067012  12 52 37.9 128 45.4
067013     52 38.4 128 45.4
067014  14 52 39.1 128 45.4
067015  15 52 39.6 128 44.6
067016  16 52 39.3 128 44.4
067017     52 39.2 128 45.2
067018  18 52 38.7 128 45.0
067019     52 38.2 128 45.2
067020  20 52 37.8 128 45.4
067021     52 37.4 128 45.4
067022  22 52 36.8 128 45.3
067023     52 36.5 128 45.5
067024  24 52 36.1 128 45.2
067025     52 36.2 128 44.7
067026  26 52 36.2 128 43.9
067027     52 36.4 128 43.1
067028  28 52 36.9 128 42.8
067029     52 36.7 128 42.6
067030  30 52 36.5 128 41.9
067031     52 36.6 128 41.2
067032  32 52 36.6 128 40.5
067033     52 36.7 128 40.0
067034  34 52 36.7 128 39.1
067035     52 36.7 128 38.4
067036  36 52 36.6 128 37.5
067037     52 36.5 128 36.6
067038  38 52 36.3 128 35.9
067039     52 36.8 128 35.5
067040  40 52 37.3 128 35.5
067041     52 37.7 128 35.3
067042  42 52 38.1 128 35.2
067043     52 38.3 128 35.3
067044  44 52 38.6 128 35.3
067045     52 37.6 128 34.8
067046  46 52 36.9 128 34.8
067047     52 36.5 128 34.9
067048  48 52 36.0 128 34.9
067049     52 36.2 128 35.7
067050  50 52 36.3 128 36.3
067051     52 36.3 128 37.0
067052  52 52 36.5 128 37.7
067053     52 36.4 128 38.7
067054  54 52 36.5 128 39.4
067055     52 36.4 128 40.3
067056  56 52 36.3 128 40.9
067057     52 36.2 128 41.6
067058  58 52 36.2 128 42.2
067059     52 35.9 128 42.8
067060  60 52 35.9 128 43.4
067061     52 35.9 128 44.2
067062  62 52 35.7 128 45.2
067063     52 35.2 128 45.0
067064  64 52 35.2 128 44.4
067065     52 35.0 128 44.1
067066  66 52 34.6 128 44.8
067067     52 34.4 128 45.1
067068  68 52 34.1 128 45.1
067069     52 33.8 128 45.0
067070  70 52 33.7 128 44.6
067071     52 33.9 128 44.7
067072  72 52 34.3 128 44.2
067073     52 33.8 128 44.5
067074  74 52 33.6 128 43.9
067075     52 33.6 128 43.7
067076  76 52 33.4 128 43.5
067077     52 33.3 128 43.1
067078  78 52 33.5 128 43.7
067079     52 33.5 128 42.4
067080  80 52 33.2 128 42.3
067081     52 33.1 128 42.6
067082  82 52 33.2 128 42.5
067083     52 33.0 128 43.1
067084  84 52 33.2 128 43.7
067085     52 33.0 128 43.9
067086  86 52 32.8 128 43.8
067087     52 32.5 128 43.7
067088  88 52 32.4 128 43.0
067089     52 32.1 128 42.1
067090  90 52 31.8 128 41.7
067091     52 31.5 128 41.4
067092  92 52 31.7 128 42.0
067093     52 32.0 128 42.2
067094  94 52 32.0 128 42.7
067095     52 32.0 128 43.2
067096  96 52 31.6 128 43.6
067097     52 31.6 128 44.2
067098  98 52 31.9 128 44.2
067099     52 31.7 128 44.7
067100 100 52 31.3 128 44.5
067101     52 31.0 128 44.0
067102 102 52 30.7 128 44.2
067103     52 31.0 128 44.6
067104 104 52 31.3 128 45.4
067105     52 31.6 128 45.8
067106 106 52 31.9 128 46.2
067107     52 32.2 128 46.9
067108 108 52 32.6 128 47.4
067109     52 33.0 128 48.0
067110 110 52 33.4 128 48.5
067111     52 33.2 128 48.9
067112 112 52 32.7 128 49.1
067113     52 32.5 128 49.2
067114 114 52 32.0 128 49.6
067115     52 31.8 128 49.5
067116 116 52 31.5 128 49.4
067117     52 31.0 128 49.6
067118 118 52 30.4 128 49.1
067119     52 31.0 128 49.1
067120 120 52 31.2 128 49.2
067121     52 31.4 128 48.6
067122 122 52 30.9 128 48.5
067123     52 30.7 128 48.0
067124 124 52 30.7 128 48.5
067125     52 30.3 128 48.0
067126 126 52 30.1 128 48.0
067127     52 30.5 128 47.7
067128 128 52 30.3 128 47.3
067129     52 30.0 128 47.8
067130 130 52 29.7 128 47.3
067131     52 29.3 128 47.3
067132 132 52 29.1 128 47.0
067133     52 29.7 128 46.9
067134 134 52 29.8 128 46.6
067135     52 29.8 128 46.2
067136 136 52 29.8 128 46.0
067137     52 29.7 128 46.0
067138 138 52 29.2 128 46.0
067139     52 29.3 128 45.5
067140 140 52 29.5 128 45.6
067141     52 29.0 128 45.5
067142 142 52 29.1 128 45.3
067143     52 29.4 128 44.8
067144 144 52 28.9 128 45.0
067145     52 29.2 128 44.5
067146 146 52 28.9 128 44.7
067147     52 29.1 128 44.2
067148 148 52 29.6 128 44.2
067149     52 29.5 128 43.7
067150 150 52 29.1 128 43.4
067151     52 28.6 128 43.9
067152 152 52 28.9 128 43.7
067153     52 29.2 128 43.4
067154 154 52 29.0 128 42.7  ! original (duplicate = 077154 to 077164)
067155     52 29.4 128 42.4
067156 156 52 29.2 128 42.2
067157     52 30.1 128 41.9
067158 158 52 29.8 128 41.2
067159     52 29.7 128 40.7
067160 160 52 29.5 128 40.4
067161     52 28.7 128 40.6
067162 162 52 29.2 128 40.8
067163     52 29.2 128 41.4
067164 164 52 29.0 128 41.9
067165     52 28.7 128 42.4
067166 166 52 28.4 128 41.8
067167     52 28.4 128 42.5
067168 168 52 28.4 128 43.1
067169     52 28.4 128 44.0
067170 170 52 28.5 128 44.7
067171     52 28.7 128 45.1
067172 172 52 28.4 128 45.4
067173     52 28.5 128 46.9
067174 174 52 28.8 128 46.1
067175     52 28.6 128 46.4
067176 176 52 28.2 128 46.7
067177     52 28.2 128 46.3
067178 178 52 28.4 128 46.0
067179     52 28.2 128 45.7
067180 180 52 27.8 128 45.8
067181     52 27.4 128 45.7
067182 182 52 27.1 128 45.9
067183     52 31.5 129  5.9
067184 184 52 31.1 129  5.3
067185     52 31.2 129  3.5
067186 186 52 31.1 129  3.2
067187     52 31.0 129  2.6
067188 188 52 30.8 129  3.3
067189     52 30.9 129  2.9
067190 190 52 30.3 129  3.0
067191     52 30.1 129  3.1
067192 192 52 29.9 129  2.6
067193     52 30.1 129  2.4
067194 194 52 30.5 129  2.8
067195     52 30.8 129  2.5
067196 196 52 31.1 129  2.2
067197     52 31.5 129  2.4
067198 198 52 31.8 129  2.7
067199     52 31.9 129  2.4
067200 200 52 31.6 129  2.1
067201     52 31.6 129  1.8
067202 202 52 31.9 129  1.8
067203     52 31.4 129  1.8
067204 204 52 32.1 129  1.4
067205     52 31.6 129  1.2
067206 206 52 31.1 129  1.1
067207     52 30.7 129  1.5
067208 208 52 30.3 129  1.2
067209 209 52 31.1 129  1.0
067210 210 52 26.5 128 46.6
067211     52 26.1 128 46.2
067212 212 52 25.2 128 45.9
067213     52 24.9 128 45.6
067214 214 52 25.1 128 44.7
067215     52 24.7 128 45.4
067216 216 52 23.8 128 45.4
067217     52 23.3 128 45.2
067218 218 52 23.0 128 45.3
067219     52 22.7 128 45.5
067220 220 52 22.5 128 45.1
067221     52 22.4 128 44.4
067222 222 52 22.0 128 44.4
067223     52 21.7 128 44.2
067224 224 52 21.5 128 43.6
067225     52 21.4 128 44.1
067226 226 52 20.9 128 44.1
067227     52 20.5 128 43.9
067228 228 52 20.1 128 44.2
067229     52 19.9 128 44.5
067230 230 52 19.5 128 43.8
067231     52 19.1 128 43.5
067232 232 52 19.0 128 43.8
067233     52 19.0 128 43.6
067234 234 52 18.6 128 43.2
067235     52 18.3 128 42.6
067236 236 52 18.1 128 42.0
067237     52 17.9 128 41.5
067238 238 52 17.4 128 41.6
067239 239 52 17.2 128 41.2
067240 240 52 36.9 129 10.6
067241     52 36.4 129 10.5
067242 242 52 36.4 129 11.2
067243     52 36.0 129 10.8
067244 244 52 36.3 129 10.5
067245     52 36.1 129 10.1
067246 246 52 36.2 129  9.4
067247     52 36.0 129  9.1
067248 248 52 36.1 129  8.3
067249     52 36.3 129  7.6
067250 250 52 36.2 129  7.6
067251     52 35.9 129  7.9
067252 252 52 35.5 129  8.3
067253     52 35.5 129  9.1
067254 254 52 35.5 129  9.5
067255     52 35.5 129  8.7
067256 256 52 35.2 129  8.5
067257     52 34.9 129  8.9
067260 260 52 30.6 129  0.4
067261     52 30.2 129  0.2
067262 262 52 29.8 128 59.8
067263     52 29.7 129  0.5
067264 264 52 29.4 129  1.0
067265     52 29.4 129  0.7
067266 266 52 29.2 129  0.5
067280 280 52 42.8 128 44.8
067281     52 42.3 128 44.6
067282 282 52 41.6 128 44.7
067283 283 52 41.1 128 44.6
067284 284 52 40.5 128 44.6
067285 285 52 40.0 128 44.4
072000   0 52 21.8 128 20.6
072001     52 21.5 128 20.4
072002   2 52 20.9 128 20.7
072003     52 20.9 128 20.4
072004   4 52 20.8 128 21.0
072005     52 20.6 128 21.4
072006   6 52 20.3 128 22.0
072007     52 20.5 128 22.5
072008   8 52 20.9 128 22.4
072009     52 21.3 128 22.0
072010  10 52 21.5 128 21.4
072011  11 52 21.9 128 20.9
072012  12 52 20.0 128 20.3
072013  13 52 19.6 128 20.6
072015     52 19.0 128 22.2
072016  16 52 19.0 128 21.7
072017     52 18.9 128 21.5
072018  18 52 18.6 128 21.8
072019     52 18.5 128 22.4
072020  20 52 18.5 128 21.8
072021     52 18.0 128 22.0
072022  22 52 17.6 128 22.5
072023     52 17.4 128 22.7
072024  24 52 17.5 128 23.0
072025     52 17.2 128 23.6
072026  26 52 17.2 128 24.2
072027     52 17.5 128 24.6
072028  28 52 17.7 128 24.1
072029     52 17.7 128 23.6
072030  30 52 18.1 128 23.8
072031     52 18.4 128 23.6
072032  32 52 18.5 128 23.1
072033     52 18.6 128 22.9
072034  34 52 18.8 128 22.9
072035  35 52 17.1 128 22.6
072036  36 52 16.7 128 24.1
072037  37 52 16.3 128 23.8
072038  38 52 16.2 128 24.2
072039  39 52 16.6 128 24.4
072041  41 52 16.9 128 22.2
072042  42 52 16.5 128 21.7
072043  43 52 16.3 128 22.3
072044  44 52 22.4 128 20.0
072045  45 52 21.9 128 20.0
072046  46 52 21.5 128 20.3
072047     52 21.0 128 20.2
072048  48 52 20.6 128 20.1
072049     52 20.2 128 20.4
072050  50 52 20.1 128 19.9
072051     52 20.4 128 19.6
072052  52 52 20.8 128 19.5
072053     52 21.3 128 19.5
072054  54 52 21.1 128 19.2
072055     52 20.6 128 19.3
072056  56 52 20.2 128 19.5
072057     52 19.9 128 20.0
072058  58 52 19.6 128 20.4
072059     52 19.2 128 21.0
072060  60 52 19.9 128 20.9
072061     52 18.7 128 21.1
072062  62 52 18.5 128 21.5
072063     52 18.1 128 21.8
072064  64 52 17.7 128 22.2
072065     52 17.5 128 21.7
072066  66 52 17.2 128 21.4
072067     52 17.0 128 21.0
072068  68 52 17.0 128 20.0
072069     52 17.0 128 19.3
072070  70 52 16.7 128 19.8
072071     52 16.9 128 20.6
072072  72 52 16.9 128 21.4
072073     52 16.4 128 21.7
072074  74 52 15.9 128 20.4
072075     52 15.9 128 20.9
072076  76 52 16.2 128 20.5
072077     52 16.2 128 19.7
072078  78 52 16.5 128 19.2
072079     52 16.6 128 19.1
072080  80 52 16.8 128 18.6
072081     52 17.1 128 17.9
072082  82 52 17.0 128 17.8
072083     52 16.5 128 18.5
072084  84 52 16.3 128 19.0
072085     52 15.9 128 19.0
072086  86 52 15.7 128 18.6
072087  87 52 15.5 128 17.9
072088  88 52 15.5 128 17.3
072089     52 15.9 128 16.7
072090  90 52 21.1 128 12.2
072091     52 22.0 128 12.4
072092  92 52 21.9 128 13.2
072093     52 22.1 128 13.4
072094  94 52 22.3 128 13.6
072095     52 22.8 128 13.6
072096  96 52 23.3 128 13.8
072097     52 23.5 128 13.9
072098  98 52 23.6 128 13.7
072099     52 23.6 128 13.4
072100 100 52 23.3 128 13.5
072101     52 22.9 128 13.3
072102 102 52 22.5 128 12.9
072103     52 22.1 128 12.3
072104 104 52 21.7 128 11.9
072105     52 22.2 128 11.2
072106 106 52 22.8 128 10.8
072107     52 23.3 128 10.5
072108 108 52 23.8 128 10.3
072109 109 52 22.7 128  8.5
072110 110 52 22.4 128  8.7
072111     52 22.1 128  9.3
072112 112 52 21.6 128  9.5
072113     52 21.0 128  9.8
072114 114 52 20.5 128 10.1
072115     52 19.9 128 10.5
072116 116 52 19.4 128 10.8
072117     52 18.9 128 11.5
072118 118 52 18.6 128 11.4
072119     52 18.3 128 10.8
072120 120 52 18.0 128 10.2
072121     52 17.9 128 10.5
072122 122 52 17.8 128 11.0
072123     52 18.1 128 11.1
072124 124 52 18.3 128 11.9
072125     52 17.9 128 12.0
072126 126 52 17.7 128 11.8
072127     52 17.5 128 11.8
072128 128 52 17.2 128 12.0
072129     52 17.0 128 12.3
072130 130 52 17.0 128 12.7
072131     52 16.8 128 12.3
072132 132 52 16.9 128 11.9
072133     52 16.6 128 11.4
072134 134 52 16.5 128 10.6
072135     52 17.0 128 10.4
072136 136 52 16.8 128  9.8
072137     52 16.7 128 10.2
072138 138 52 16.4 128  9.9
072139 139 52 16.5 128  9.1
072140 140 52 21.6 128 22.8
072141     52 21.2 128 23.2
072142 142 52 20.9 128 23.5
072143     52 20.4 128 23.2
072144 144 52 20.1 128 23.4
072145     52 19.6 128 23.6
072146 146 52 19.2 128 24.1
072147     52 19.3 128 24.4
072148 148 52 19.1 128 25.1
072149     52 18.9 128 26.0
072150 150 52 19.0 128 26.4
072151     52 19.3 128 26.9
072152 152 52 19.7 128 26.8
072153     52 20.0 128 27.0
072154 154 52 20.3 128 27.1
072155     52 20.4 128 27.0
072156 156 52 20.7 128 27.6
072157     52 20.4 128 27.8
072158 158 52 20.0 128 28.3
072159     52 20.3 128 28.6
072160 160 52 20.7 128 28.5
072161     52 21.0 128 28.1
072162 162 52 21.0 128 27.5
072163     52 21.0 128 26.9
072164 164 52 21.1 128 26.6
072165     52 21.3 128 25.8
072166 166 52 21.3 128 25.2
072167     52 21.5 128 24.6
072168 168 52 21.6 128 23.8
072170 170 52 15.8 128 16.5
072171     52 16.3 128 16.4
072172 172 52 16.5 128 16.5
072173     52 16.9 128 16.1
072174 174 52 17.6 128 15.6
072175     52 17.8 128 15.2
072176 176 52 18.3 128 14.8
072177     52 18.7 128 14.3
072178 178 52 18.9 128 14.0
072179     52 19.4 128 14.0
072180 180 52 19.7 128 13.6
072181     52 20.3 128 13.2
072182 182 52 20.8 128 12.8
072185 185 52 21.7 128 27.3
072186 186 52 21.8 128 26.5
072187     52 21.8 128 25.8
072188 188 52 21.9 128 25.0
072189     52 21.8 128 24.5
072190 190 52 21.8 128 23.9
072191     52 21.8 128 23.2
072192 192 52 21.8 128 22.6
072193     52 22.2 128 22.5
072194 194 52 22.4 128 22.3
072195 195 52 21.7 128 23.9
072196 196 52 21.6 128 23.9
072198 198 52 20.5 128 21.2
073000   0 52 12.7 128  5.7
073001     52 12.9 128  5.6
073002   2 52 12.8 128  5.5
073003   3 52 14.9 128  1.1
073004   4 52 14.5 128  0.8
073005     52 13.9 128  0.7
073006   6 52 13.8 128  0.4
073007     52 13.8 128  0.3
073008   8 52 13.6 127 59.8
073009     52 13.3 127 59.9
073010  10 52 13.3 128  0.4
073011     52 13.4 128  0.9
073012  12 52 14.0 128  0.9
073013     52 14.0 128  1.3
073014  14 52 14.2 128  1.7
073015     52 14.1 128  2.1
073016  16 52 13.9 128  2.7
073017     52 13.7 128  3.3
073018  18 52 13.5 128  3.9
073019     52 13.2 128  4.4
073020  20 52 12.8 128  4.5
073021     52 12.6 128  5.1
073022  22 52 12.4 128  5.5
073023     52 11.9 128  5.3
073024  24 52 11.7 128  4.6
073025     52 11.4 128  4.5
073026  26 52 11.2 128  3.7
073027     52 10.8 128  3.0
073028  28 52 10.6 128  2.2
073029     52 10.6 128  1.4
073030  30 52 10.6 128  0.7
073031  31 52 10.1 127 59.2
073032  32 52 10.1 127 59.7
073033     52 10.2 128  0.3
073034  34 52 10.1 128  0.7
073035     52 10.0 128  1.1
073036  36 52  9.9 128  1.7
073037     52  9.7 128  2.4
073038  38 52  9.4 128  2.3
073039     52  9.3 128  1.4
073040  40 52  9.1 128  0.7
073041     52  9.0 128  0.5
073042  42 52  8.7 128  0.5
073043     52  9.0 128  1.0
073044  44 52  9.2 128  1.5
073045     52  9.3 128  2.0
073046  46 52  9.3 128  2.6
073047     52  9.5 128  2.4
073048  48 52  9.4 128  4.3
073049     52  9.0 128  4.0
073050  50 52  8.8 128  4.2
073051     52  8.6 128  4.4
073052  52 52  8.7 128  5.0
073053     52  8.9 128  5.3
073054  54 52  9.2 128  6.0
073055     52  9.4 128  6.2
073056  56 52  9.7 128  6.6
073057     52  9.3 128  7.1
073058  58 52  9.2 128  7.7
073059  59 52 10.7 128  4.4
073060  60 52 10.3 128  4.1
073061     52 10.1 128  3.6
073062  62 52 10.1 128  2.8
073063     52  9.6 128  3.3
073064  64 52  9.7 128  4.2
073065     52  9.8 128  4.7
073066  66 52 10.1 128  4.3
073067     52 10.3 128  4.2
073068  68 52 10.5 128  6.0
073069  69 52 10.7 128  6.1
073070  70 52 10.4 128  6.7
073071  71 52 10.4 128  7.1
073072  72 52  2.5 128  8.9
073073     52  2.9 128  8.2
073074  74 52  3.2 128  7.7
073075     52  3.5 128  7.4
073076  76 52  3.7 128  7.0
073077     52  3.2 128  6.6
073078  78 52  3.1 128  6.3
073079     52  3.6 128  6.6
073080  80 52  3.9 128  6.5
073081     52  4.2 128  6.8
073082  82 52  4.2 128  6.4
073084  84 52  9.1 127 54.7
073085  85 52  9.5 127 55.0
073086  86 52  9.6 127 55.3
073087     52  9.5 127 55.7
073088  88 52  9.6 127 56.2
073090  90 52 16.8 128  5.5
073091     52 16.7 128  5.2
073092  92 52 16.5 128  4.9
073093  93 52 16.2 128  5.0
073105 105 52 16.1 128  8.2
073106 106 52 15.8 128  8.7
073107     52 15.5 128  9.1
073108 108 52 15.1 128  8.9
073109     52 14.9 128  9.1
073110 110 52 14.9 128  9.7
073111     52 14.9 128 10.3
073112 112 52 14.7 128 10.7
073113     52 14.4 128 10.9
073114 114 52 14.2 128 10.5
073115     52 14.5 128 10.2
073116 116 52 14.4 128  9.9
073117     52 14.4 128  9.6
073118 118 52 14.5 128  9.1
073119     52 14.3 128  8.7
073120 120 52 14.1 128  8.1
073121     52 13.8 128  8.1
073122 122 52 13.9 128  7.5
073123     52 13.7 128  7.3
073124 124 52 13.6 128  6.7
073125     52 13.5 128  6.6
073126 126 52 13.7 128  6.0
073127     52 14.0 128  5.6
073128 128 52 13.7 128  5.5
073150 150 52  3.2 128 11.2
073151     52  3.3 128 10.9
073152 152 52  3.7 128 10.5
073153     52  3.8 128 10.0
073154 154 52  4.1 128  9.8
073155     52  4.1 128  9.3
073156 156 52  4.7 128  9.0
073157     52  5.1 128  9.4
073158 158 52  4.9 128  9.0
073159     52  4.9 128  8.6
073160 160 52  5.0 128  8.3
073161     52  5.2 128  8.2
073162 162 52  5.4 128  8.0
073163     52  5.7 128  8.2
073164 164 52  5.9 128  8.3
073170 170 52  8.8 128  8.0
073171     52  8.4 128  7.8
073172 172 52  8.0 128  7.6
073173     52  7.6 128  7.4
073174 174 52  7.2 128  7.0
073200 200 52 15.1 128  1.0
073201     52 15.4 128  0.7
073202 202 52 15.6 128  0.8
073203     52 15.6 128  1.1
073204 204 52 15.9 128  1.2
073205     52 16.2 128  1.2
073206 206 52 16.5 128  0.9
073220 220 52 16.2 128  1.6
073221     52 15.8 128  1.5
073222 222 52 15.6 128  1.5
073223     52 15.5 128  1.2
073224 224 52 15.4 128  1.3
073225     52 15.2 128  1.5
073226 226 52 15.3 128  1.8
073227     52 15.1 128  1.8
073228 228 52 15.0 128  2.2
073229     52 15.2 128  2.1
073230 230 52 15.4 128  2.3
073231     52 15.6 128  1.9
073232 232 52 15.8 128  1.8
073236 236 52 16.9 128  1.0
073237     52 17.1 128  1.3
073238 238 52 17.4 128  1.6
073239     52 17.1 128  1.7
073240 240 52 16.7 128  1.5
073241     52 16.4 128  1.9
073242 242 52 16.4 128  2.5
073243     52 16.8 128  2.5
073244 244 52 16.5 128  2.6
073245     52 16.1 128  2.7
073246 246 52 15.6 128  2.9
073247     52 15.1 128  3.2
073248 248 52 14.6 128  3.7
073249     52 14.3 128  4.2
073250 250 52 14.0 128  4.5
073251 251 52 13.8 128  5.1
074000   0 52 14.2 128 21.9
074001     52 14.2 128 21.3
074002   2 52 14.1 128 20.2
074003     52 14.1 128 19.5
074004   4 52 13.8 128 18.9
074005     52 14.0 128 18.3
074006   6 52 13.9 128 17.6
074007     52 14.2 128 17.0
074008   8 52 14.3 128 16.5
074009     52 13.8 128 15.8
074010  10 52 13.3 128 16.1
074011     52 13.0 128 16.1
074012  12 52 12.7 128 17.1
074013     52 12.5 128 17.7
074014  14 52 12.5 128 18.0
074015     52 12.1 128 18.4
074016  16 52 11.8 128 18.6
074017     52 11.5 128 18.9
074018  18 52 11.1 128 19.2
074019     52 11.3 128 19.5
074020  20 52 11.0 128 19.8
074021     52 10.6 128 20.1
074022  22 52 10.1 128 20.7
074023     52 10.0 128 21.1
074024  24 52  9.7 128 21.4
074025     52  9.4 128 22.0
074026  26 52  9.2 128 22.6
074027     52  9.6 128 22.6
074028  28 52 10.0 128 22.1
074029     52 10.3 128 22.4
074030  30 52 10.3 128 23.1
074031     52 10.2 128 23.2
074032  32 52 10.0 128 23.4
074033  33 52  9.5 128 24.1
074034  34 52  9.4 128 23.7
074035     52  8.8 128 24.0
074036  36 52  8.5 128 24.4
074037     52  8.7 128 24.2
074038  38 52  8.4 128 24.6
074039     52  8.2 128 25.2
074040  40 52  7.9 128 25.4
074041     52  7.7 128 25.6
074042  42 52  7.5 128 25.5
074043  43 52  7.1 128 25.3
074044  44 52  6.7 128 25.6
074045  45 52  7.0 128 25.9
074046  46 52  7.4 128 26.0
074047     52  7.5 128 25.9
074048  48 52  7.7 128 26.1
074049     52  7.7 128 26.4
074050  50 52  7.5 128 26.5
074051     52  7.7 128 26.9
074052  52 52  8.1 128 26.8
074053     52  8.4 128 26.8
074054  54 52  8.8 128 26.0
074055     52  9.2 128 25.2
074056  56 52  9.4 128 24.5
074057  57 52  9.4 128 25.5
074058  58 52  9.5 128 26.1
074059     52 10.1 128 25.9
074060  60 52  9.8 128 26.1
074061     52 10.3 128 26.4
074062  62 52  9.9 128 26.4
074063     52  9.5 128 26.6
074064  64 52  9.7 128 26.8
074065     52  9.5 128 27.7
074066  66 52  9.7 128 27.6
074067     52  9.5 128 28.0
074068  68 52  9.3 128 28.5
074069     52  9.0 128 28.9
074070  70 52  9.2 128 29.4
074071     52  9.4 128 29.3
074072  72 52  9.3 128 29.7
074073     52  9.4 128 30.1
074074  74 52  9.6 128 29.9
074075     52 10.0 128 29.6
074076  76 52 10.2 128 29.6
074077     52 10.0 128 30.0
074078  78 52  9.9 128 30.3
074079     52 10.5 128 29.5
074080  80 52 10.7 128 29.2
074081     52 11.0 128 28.8
074082  82 52 11.3 128 28.7
074083     52 11.0 128 28.0
074084  84 52 10.8 128 27.5
074085  85 52 11.5 128 29.4
074086  86 52 11.1 128 29.4
074087     52 11.0 128 29.2
074088  88 52 10.6 128 29.6
074089     52 10.3 128 30.1
074090  90 52 10.1 128 30.3
074091     52  9.6 128 30.6
074092  92 52  9.1 128 30.9
074093     52  9.5 128 31.2
074094  94 52  9.8 128 30.9
074095     52 10.0 128 31.0
074096  96 52  9.0 128 32.2
074097     52  9.2 128 32.0
074098  98 52  9.0 128 31.8
074099  99 52  8.7 128 32.0
074100 100 52  9.1 128 31.6
074101     52  8.8 128 31.6
074102 102 52  9.1 128 31.4
074103     52 11.6 128 28.2
074104 104 52 12.2 128 28.0
074105     52 12.3 128 27.6
074106 106 52 12.5 128 27.2
074107     52 12.9 128 27.0
074108 108 52 13.2 128 26.8
074109     52 13.3 128 26.2
074110 110 52  6.9 128 22.7
074111     52  7.1 128 22.3
074112 112 52  7.3 128 21.9
074113     52  7.7 128 21.8
074114 114 52  8.1 128 21.6
074115     52  8.5 128 21.3
074116 116 52  8.7 128 21.2
074117     52  9.0 128 21.5
074118 118 52  9.1 128 21.8
074119     52  9.0 128 22.0
074120 120 52  8.9 128 22.2
074121     52  9.0 128 22.1
074122 122 52  9.4 128 21.6
074123     52  9.4 128 21.9
074124 124 52  9.1 128 21.0
074125     52  9.3 128 20.6
074126 126 52  9.5 128 20.7
074127     52  9.8 128 20.5
074128 128 52 10.0 128 20.5
074129     52 10.4 128 20.2
074130 130 52  9.9 128 20.3
074131     52  9.6 128 20.5
074132 132 52  9.1 128 20.4
074133     52  9.0 128 20.2
074134 134 52  9.5 128 20.3
074135     52  9.6 128 20.6
074136 136 52  8.2 128 20.7
074137     52  7.5 128 20.9
074138 138 52  7.2 128 21.1
074139     52  6.9 128 21.9
074140 140 52  6.6 128 22.4
074141     52  6.3 128 22.7
074142 142 52  5.9 128 23.1
074143 143 52  6.2 128 23.3
074144 144 52  6.4 128 23.0
074145 145 52  6.7 128 22.9
074146 146 52  6.6 128 22.9
074147 147 52  6.4 128 22.8
074148 148 52  6.1 128 22.6
074149     52  6.4 128 22.4
074150 150 52  6.7 128 22.1
074151     52  7.1 128 21.2
074152 152 52  7.2 128 20.8
074153     52  7.6 128 20.6
074154 154 52  8.0 128 20.2
074155     52  8.2 128 20.1
074156 156 52  8.0 128 19.7
074157     52  7.7 128 19.7
074158 158 52  7.4 128 19.8
074159     52  7.5 128 19.5
074160 160 52  7.4 128 19.0
074161     52  7.2 128 19.6
074162 162 52  7.0 128 19.7
074163     52  6.6 128 19.6
074164 164 52  6.3 128 19.4
074165     52  5.9 128 19.4
074166 166 52  5.4 128 19.3
074167     52  5.2 128 19.6
074168 168 52  5.4 128 20.0
074169     52  4.9 128 20.2
074170 170 52  5.3 128 20.2
074171     52  5.5 128 20.6
074172 172 52  5.6 128 20.2
074173     52  5.9 128 20.2
074174 174 52  6.2 128 20.4
074175     52  6.3 128 20.8
074176 176 52  6.1 128 21.1
074177     52  5.7 128 21.0
074178 178 52  5.3 128 21.2
074179     52  5.1 128 20.8
074180 180 52  4.7 128 20.8
074181     52  4.7 128 21.0
074182 182 52  5.1 128 21.3
074183     52  5.3 128 21.6
074184 184 52  4.9 128 21.6
074185     52  5.3 128 21.9
074186 186 52  5.4 128 22.3
074187 187 52  5.8 128 22.6
074188 188 52  8.2 128 19.1
074189     52  8.6 128 19.0
074190 190 52  8.1 128 19.5
074191     52  9.2 128 19.6
074192 192 52  9.8 128 20.4
074193     52 10.3 128 19.1
074194 194 52 10.8 128 18.8
074195     52 11.0 128 18.8
074196 196 52 11.3 128 18.6
074197     52 11.7 128 18.3
074198 198 52 12.1 128 18.1
074199     52 12.2 128 17.8
074200 200 52 12.2 128 17.1
074201     52 12.0 128 16.9
074202 202 52 11.7 128 16.3
074203     52 12.1 128 16.8
074204 204 52 12.3 128 17.1
074205     52 12.8 128 16.9
074206 206 52 13.0 128 16.4
074207     52 13.1 128 15.9
074208 208 52 12.5 128 15.7
074209     52 12.3 128 15.7
074210 210 52 12.2 128 15.4
074211     52 12.2 128 15.2
074212 212 52 12.5 128 15.3
074213     52 12.7 128 14.8
074214 214 52 13.0 128 14.8
074215     52 13.5 128 14.7
074216 216 52 13.4 128 14.2
074217     52 13.2 128 13.3
074218 218 52 13.0 128 12.9
074219     52 12.9 128 12.3
074220 220 52 12.5 128 12.7
074221     52 12.3 128 13.1
074222 222 52 12.0 128 13.9
074223     52 11.8 128 14.7
074224 224 52 11.5 128 15.2
074225     52 11.2 128 15.6
074226 226 52 11.0 128 15.9
074227     52 10.7 128 16.2
074228 228 52 10.3 128 16.3
074229     52  9.9 128 16.6
074230 230 52  9.4 128 16.6
074232 232 52  5.7 128 20.8
074233 233 52  5.9 128 20.4
074234 234 52  6.0 128 20.7
074235 235 52  5.5 128 20.8
074237     52 13.3 128 15.8
074238 238 52 12.9 128 15.6
074239     52 12.8 128 15.7
074241 241 52 15.3 128 11.2
074242 242 52 14.8 128 11.6
074243     52 14.9 128 12.2
074244 244 52 15.0 128 12.5
074245     52 15.2 128 13.1
074246 246 52 15.5 128 13.2
074247     52 15.7 128 12.7
074248 248 52 15.7 128 12.0
074249 249 52 15.5 128 11.3
074250 250 52 14.5 128 12.2
074251 251 52 14.7 128 11.7
074253 253 52 13.6 128 26.1
074254 254 52 13.8 128 26.0
074255     52 14.1 128 26.3
074256 256 52 14.3 128 26.2
074257     52 14.3 128 25.6
074258 258 52 14.3 128 24.9
074259     52 14.1 128 24.5
074260 260 52 14.2 128 24.2
074261     52 14.3 128 23.7
074262 262 52 14.3 128 23.3
074263     52 14.3 128 22.5
074264 264 52 13.8 128 22.7
074265     52 13.4 128 23.0
074266 266 52 13.1 128 23.5
074267     52 12.8 128 23.2
074268 268 52 12.8 128 23.1
074269     52 13.0 128 22.8
074270 270 52 13.4 128 22.6
074271 271 52 13.9 128 22.3
074272 272 52 11.1 128  6.6
074273     52 11.4 128  7.0
074274 274 52 11.3 128  7.5
074275     52 11.7 128  7.7
074276 276 52 12.0 128  7.8
074277     52 12.3 128  8.3
074278 278 52 12.3 128  8.9
074279     52 11.9 128  8.3
074280 280 52 11.7 128  8.5
074281     52 11.4 128  8.9
074282 282 52 11.8 128  8.9
074283     52 12.4 128  9.2
074284 284 52 12.6 128  9.7
074285     52 12.1 128  9.9
074286 286 52 12.3 128 10.2
074287     52 12.8 128 10.6
074288 288 52 12.7 128 10.7
074289     52 12.4 128 11.0
074290 290 52 12.2 128 10.5
074291     52 11.9 128 10.1
074292 292 52 11.5 128 10.1
074293     52 11.4 128 10.4
074294 294 52 11.5 128 10.7
074295     52 11.7 128 11.1
074296 296 52 11.5 128 11.9
074297     52 11.5 128 12.5
074298 298 52 11.3 128 12.9
074299     52 11.2 128 13.7
074300 300 52 10.9 128 14.3
074301     52 10.6 128 14.7
074302 302 52 10.3 128 14.8
074303     52  9.9 128 15.0
074304 304 52  9.3 128 15.3
074305     52  8.9 128 15.3
074306 306 52  8.8 128 15.7
074307     52  8.5 128 16.0
074308 308 52  8.1 128 15.9
074309     52  7.7 128 16.5
074310 310 52  7.4 128 16.9
074311     52  7.0 128 17.3
074312 312 52  6.7 128 17.4
074313     52  6.6 128 16.9
074314 314 52  6.8 128 16.5
074315     52  7.4 128 15.9
074316 316 52  8.0 128 15.4
074317     52  8.3 128 15.4
074318 318 52  8.5 128 15.5
074319     52  8.2 128 15.2
074320 320 52  8.2 128 14.8
074321     52  8.2 128 14.0
074322 322 52  8.0 128 14.0
074323     52  7.5 128 14.1
074324 324 52  7.6 128 14.4
074325     52  7.6 128 15.0
074326 326 52  7.3 128 15.2
074327     52  7.1 128 15.8
074328 328 52  6.8 128 15.7
074329     52  6.5 128 16.0
074330 330 52  6.5 128 15.9
074331     52  6.4 128 16.6
074332 332 52  6.1 128 16.4
074333     52  5.8 128 15.8
074334 334 52  5.6 128 15.3
074335     52  5.2 128 14.7
074336 336 52  5.4 128 14.3
074337 337 52  4.7 128 14.0
074338 338 52  4.3 128 13.6
074339     52  3.8 128 13.1
074340 340 52  3.4 128 12.8
074341     52  3.3 128 12.6
074342 342 52  3.1 128 12.5
074343     52  3.3 128 12.7
074344 344 52  3.5 128 13.3
074345     52  4.1 128 13.6
074346 346 52  4.6 128 14.2
074347 347 52  4.9 128 14.3
074348 348 52  4.5 128 14.7
074349     52  4.2 128 14.7
074350 350 52  3.7 128 14.5
074351     52  3.4 128 14.1
074352 352 52  3.0 128 14.5
074353     52  2.7 128 14.1
074354 354 52  2.9 128 14.6
074355     52  2.6 128 14.9
074356 356 52  2.4 128 14.8
074357     52  2.1 128 14.9
074358 358 52  1.8 128 14.8
074359     52  1.7 128 14.5
074360 360 52  1.6 128 14.1
074361     52  1.4 128 14.3
074362 362 52  1.2 128 14.0
074363     52  1.1 128 14.2
074364 364 52  1.0 128 14.2
074365     52  1.0 128 14.0
074366 366 52  0.9 128 13.6
074367     52  1.3 128 14.6
074368 368 52  1.1 128 14.3
074369     52  1.1 128 14.6
074370 370 52  2.7 128 15.3
074371     52  2.6 128 15.0
074372 372 52  2.8 128 15.1
074373 373 52  3.0 128 15.3
074375 375 52 10.6 128 22.7
074376 376 52 10.8 128 22.7
074377     52 11.1 128 22.5
074378 378 52 11.4 128 22.8
074398 398 52 11.1 128 27.8
074399 399 52 11.4 128 28.0
075000   0 52  0.6 128 12.7
075001   1 52  0.1 128 12.6
075002   2 51 59.7 128 12.9
075003   3 51 59.8 128 13.2
075004   4 52  0.0 128 13.7
075005   5 51 59.3 128 12.8
075006   6 51 59.1 128 12.3
075007   7 51 58.9 128 12.6
075008   8 51 59.2 128 13.0
075009   9 51 58.8 128 12.8
075010  10 51 58.6 128 12.8
075011  11 51 58.5 128 12.4
075012  12 51 58.4 128 12.4
075013  13 51 58.6 128 13.9
075014  14 51 58.4 128 13.6
075015     51 58.5 128 13.5
075016  16 51 58.3 128 12.8
075017     51 57.9 128 12.6
075018  18 51 58.0 128 12.8
075019  19 51 57.4 128 12.9
075020  20 51 56.6 128 13.1
075021     51 56.1 128 13.0
075022  22 51 56.1 128 13.3
075023     51 56.3 128 13.1
075024  24 51 56.4 128 13.8
075025     51 56.7 128 13.9
075026  26 51 56.7 128 13.5
075027     51 57.0 128 13.3
075028  28 51 57.0 128 13.6
075029     51 57.0 128 14.1
075030  30 51 57.2 128 14.0
075031     51 57.3 128 13.8
075032  32 51 57.6 128 14.3
075033     51 57.8 128 13.9
075034  34 51 57.9 128 14.4
075035  35 51 58.2 128 14.0
075036  36 51 56.8 128 14.4
075037  37 51 57.2 128 14.3
075038  38 51 56.7 128 14.2
075039  39 51 56.3 128 14.0
075040  40 51 56.0 128 13.7
075041  41 51 55.5 128 13.6
075042  42 51 54.9 128 13.7
075043     51 54.6 128 13.8
075044  44 51 54.4 128 13.9
075045     51 54.3 128 14.2
075046  46 51 54.6 128 14.5
075047  47 51 54.7 128 14.5
075048  48 51 56.7 128 12.8
075049  49 51 56.4 128 12.5
075050  50 51 56.1 128 12.5
075051  51 51 55.6 128 12.5
075052  52 51 55.1 128 12.6
075053  53 51 54.8 128 12.8
075054  54 51 55.1 128 13.3
075055     51 55.6 128 12.9
075056  56 51 56.0 128 12.9
075057  57 51 56.7 128 12.9
075058  58 51 59.8 128  9.8
075059     51 59.7 128 10.4
075060  60 51 59.5 128 10.8
075061     51 59.2 128 11.0
075062  62 51 58.8 128 11.5
075063     51 58.5 128 11.2
075064  64 51 58.2 128 11.7
075065     51 58.1 128 12.1
075066  66 51 57.6 128 12.0
075067     51 57.2 128 11.8
075068  68 51 56.8 128 12.0
075069     51 56.3 128 11.8
075070  70 51 56.3 128 11.4
075071     51 56.1 128 11.1
075072  72 51 56.0 128 10.9
075073     51 56.0 128 10.2
075074  74 51 56.1 128  9.4
075075     51 56.3 128  8.9
075076  76 51 56.4 128  8.2
075077     51 56.3 128  7.7
075078  78 51 56.2 128  8.2
075079     51 56.0 128  9.1
075080  80 51 56.0 128  9.6
075081     51 55.9 128 10.0
075082  82 51 55.7 128 10.7
075083     51 55.5 128 11.2
075084  84 51 55.4 128 11.0
075085     51 55.1 128 11.4
075086  86 51 54.7 128 11.3
075087     51 54.4 128 11.6
075088  88 51 54.5 128 11.7
075089  89 51 54.3 128 12.2
075090  90 51 53.9 128 12.4
075091     51 53.7 128 12.5
075092  92 51 54.2 128 12.7
075093     51 54.0 128 13.2
075094  94 51 54.0 128 13.6
075095     51 53.9 128 13.9
075096  96 51 53.8 128 14.3
075097     51 53.6 128 13.9
075098  98 51 53.9 128 14.4
075099     51 53.6 128 14.6
075100 100 51 54.9 128 14.9
075101     51 55.2 128 15.0
075102 102 51 55.4 128 14.7
075103     51 55.3 128 14.2
075104 104 51 55.4 128 14.8
075105     51 55.7 128 15.1
075106 106 51 55.9 128 14.8
075107     51 55.9 128 14.3
075108 108 51 56.0 128 13.9
075109     51 56.0 128 14.4
075110 110 51 56.0 128 14.8
075111     51 56.2 128 15.0
075112 112 51 56.5 128 14.7
075114 114 51 55.2 128 12.1
075115     51 54.7 128 12.2
075116 116 51 55.1 128 12.3
075117 117 51 55.4 128 12.1
076000   0 51 51.7 128 15.4
076001     51 51.6 128 14.7
076002   2 51 51.3 128 14.3
076003     51 50.8 128 14.1
076004   4 51 51.2 128 14.2
076005     51 50.2 128 14.6
076006   6 51 50.1 128 15.1
076007     51 50.6 128 14.8
076008   8 51 50.8 128 14.8
076009     51 50.3 128 15.3
076010  10 51 50.4 128 15.5
076011     51 50.4 128 15.8
076012  12 51 50.5 128 15.9
076013     51 50.6 128 16.2
076014  14 51 50.7 128 16.4
076015     51 50.8 128 16.0
076016  16 51 51.2 128 15.9
076017     51 51.6 128 14.6
076018  18 51 51.3 128 13.5
076019     51 51.6 128 13.1
076020  20 51 51.1 128 13.0
076021     51 50.8 128 13.3
076022  22 51 50.3 128 13.1
076023     51 50.4 128 13.6
076024  24 51 50.7 128 13.6
076025     51 51.0 128 13.7
076026  26 51 51.1 128 13.5
076028  28 51 51.5 128 12.6
076029     51 51.3 128 12.2
076030  30 51 51.6 128 12.0
076031     51 51.6 128 11.4
076032  32 51 51.6 128 10.8
076033     51 51.0 128 10.7
076034  34 51 50.8 128 10.7
076035     51 50.5 128 10.5
076036  36 51 50.6 128 10.9
076037     51 51.8 128 11.1
076038  38 51 50.5 128 11.5
076039     51 50.1 128 11.7
076040  40 51 50.2 128 11.9
076041     51 50.6 128 11.9
076042  42 51 50.7 128 12.1
076043     51 50.4 128 12.2
076044  44 51 49.8 128 12.4
076045     51 50.1 128 12.9
076046  46 51 50.5 128 12.5
076047     51 50.6 128 12.6
076048  48 51 50.9 128 12.7
076049     51 51.1 128 12.8
076050  50 51 49.7 128 16.0
076051     51 49.6 128 15.6
076052  52 51 49.8 128 15.6
076053  53 51 49.7 128 15.1
076054  54 51 49.9 128 14.6
076055     51 49.6 128 14.7
076056  56 51 49.3 128 14.7
076057     51 49.3 128 15.1
076058  58 51 49.5 128 15.1
076059     51 49.7 128 13.8
076060  60 51 49.4 128 13.7
076061     51 49.6 128 14.0
076062  62 51 48.7 128 14.5
076063     51 49.1 128 14.3
076064  64 51 49.0 128 13.9
076065     51 49.1 128 13.6
076066  66 51 48.9 128 13.9
076067     51 49.3 128 12.9
076068  68 51 49.0 128 13.2
076069     51 49.4 128 13.1
076070  70 51 49.1 128 12.2
076071     51 49.5 128 12.0
076072  72 51 49.8 128 11.9
076073     51 50.0 128 11.8
076074  74 51 49.5 128 11.4
076075     51 49.2 128 11.1
076076  76 51 48.7 128 11.1
076077     51 48.3 128 11.5
076078  78 51 48.8 128 11.7
076079     51 48.6 128 11.7
076080  80 51 48.2 128 11.8
076081     51 48.5 128 12.4
076082  82 51 48.8 128 12.2
076085     51 50.2 128 11.2
076086  86 51 49.8 128 10.6
076087     51 49.3 128 10.9
076088  88 51 49.7 128 11.0
076089     51 49.4 128 11.3
076091     51 48.5 128 15.0
076092  92 51 48.6 128 14.2
076093     51 48.3 128 14.3
076094  94 51 48.3 128 13.9
076095     51 48.0 128 14.4
076096  96 51 47.8 128 14.8
076097     51 48.0 128 15.1
076098  98 51 48.2 128 15.2
076100 100 51 48.8 128 13.3
076101     51 48.6 128 13.7
076102 102 51 48.9 128 12.8
076103     51 48.8 128 12.5
076104 104 51 48.4 128 12.5
076105 105 51 48.7 128 13.0
076196 196 51 53.3 128 13.6
076197     51 53.5 128 14.2
076198 198 51 53.5 128 14.6
076199     51 53.4 128 15.2
076200 200 51 53.2 128 14.8
076201     51 53.1 128 14.4
076202 202 51 52.7 128 14.3
076203     51 53.1 128 14.1
076204 204 51 52.9 128 13.8
076205     51 52.6 128 13.7
076206 206 51 52.4 128 13.7
076207     51 52.3 128 13.9
076208 208 51 51.8 128 13.9
076209     51 51.7 128 13.2
076210 210 51 51.9 128 12.6
076211     51 51.7 128 11.9
076212 212 51 51.8 128 11.4
076213     51 51.9 128 10.9
076214 214 51 51.7 128 10.7
076215     51 51.8 128 10.3
076216 216 51 51.4 128 10.4
076217     51 50.9 128 10.3
076218 218 51 51.1 128  9.7
076219     51 51.5 128  9.6
076220 220 51 51.9 128  9.6
076221     51 52.2 128  9.4
076222 222 51 52.5 128  9.7
076223     51 52.7 128  9.6
076224 224 51 52.9 128  9.3
076225     51 52.5 128  9.1
076226 226 51 52.4 128  8.6
076227     51 52.5 128  8.0
076228 228 51 52.8 128  7.6
076229     51 53.4 128  7.6
076230 230 51 53.8 128  7.2
076231     51 53.4 128  7.3
076232 232 51 53.1 128  7.3
076233     51 52.9 128  7.2
076234 234 51 52.5 128  7.5
076235     51 52.6 128  6.9
076236 236 51 53.2 128  6.5
076237     51 53.6 128  6.3
076238 238 51 53.9 128  5.8
076239     51 54.5 128  5.6
076240 240 51 54.9 128  5.8
076241     51 55.3 128  5.9
076242 242 51 55.7 128  5.8
076243     51 56.1 128  5.9
076244 244 51 56.1 128  6.6
076245     51 56.3 128  6.5
076246 246 51 56.8 128  6.7
076247     51 56.7 128  7.0
076248 248 51 56.7 128  7.5
076249     51 57.0 128  7.5
076250 250 51 57.2 128  7.5
076251     51 57.4 128  7.7
076252 252 51 57.4 128  7.3
076253     51 57.5 128  6.7
076254 254 51 57.4 128  6.2
076255     51 57.1 128  5.8
076256 256 51 56.8 128  5.8
076257     51 57.0 128  5.3
076258 258 51 56.9 128  5.3
076259     51 56.8 128  4.7
076260 260 51 56.9 128  4.6
076261     51 56.8 128  4.4
076262 262 51 56.4 128  4.5
076263     51 56.0 128  4.2
076264 264 51 55.7 128  4.2
076265     51 55.6 128  4.9
076266 266 51 55.2 128  5.3
076267     51 54.8 128  5.4
076268 268 51 54.2 128  5.3
076269     51 53.8 128  5.7
076270 270 51 53.4 128  6.2
076271     51 52.9 128  6.7
076272 272 51 52.6 128  6.5
076273     51 52.1 128  6.6
076274 274 51 51.7 128  6.8
076275     51 51.5 128  7.4
076276 276 51 51.4 128  7.7
076277     51 51.5 128  8.0
076278 278 51 51.1 128  8.0
076279     51 51.2 128  7.2
076280 280 51 51.2 128  6.9
076281     51 50.8 128  6.6
076282 282 51 50.9 128  7.0
076283     51 50.4 128  7.0
076284 284 51 50.6 128  6.8
076285     51 50.3 128  6.2
076286 286 51 50.4 128  6.1
076287     51 50.2 128  6.5
076288 288 51 49.6 128  6.7
076289     51 49.7 128  7.1
076290 290 51 49.5 128  7.0
076291     51 49.3 128  7.4
076292 292 51 49.6 128  7.3
076293     51 49.8 128  7.6
076294 294 51 49.2 128  7.7
076295     51 48.9 128  7.9
076296 296 51 48.7 128  7.8
076297     51 48.4 128  7.8
076298 298 51 48.5 128  7.0
076299     51 49.0 128  6.7
076300 300 51 48.9 128  6.6
076301     51 48.7 128  6.2
076302 302 51 48.5 128  5.9
076303     51 48.3 128  5.5
076304 304 51 48.1 128  6.1
076305     51 47.8 128  6.3
076306 306 51 47.5 128  6.4
076307     51 47.4 128  5.9
076308 308 51 47.3 128  5.5
076309     51 47.3 128  4.9
076310 310 51 47.5 128  4.6
076311     51 47.3 128  4.4
076312 312 51 47.4 128  4.2
076313     51 47.7 128  3.6
076314 314 51 48.1 128  3.5
076315     51 48.1 128  3.1
076316 316 51 48.5 128  3.0
076317     51 49.0 128  3.2
076318 318 51 49.1 128  3.1
076319     51 49.6 128  2.6
076320 320 51 49.4 128  2.4
076321     51 49.1 128  2.2
076322 322 51 49.3 128  2.0
076323     51 49.5 128  1.6
076324 324 51 50.1 128  1.7
076325     51 50.3 128  2.4
076326 326 51 50.3 128  3.4
076327     51 50.4 128  4.2
076328 328 51 50.4 128  3.7
076329     51 50.4 128  2.7
076330 330 51 50.4 128  1.9
076331     51 50.7 128  1.5
076332 332 51 50.5 128  1.0
077000   0 52 21.8 128 28.1
077001     52 22.1 128 28.3
077002   2 52 22.3 128 28.2
077003     52 22.4 128 27.8
077004   4 52 22.7 128 27.4
077005     52 22.6 128 27.6
077006   6 52 22.5 128 28.0
077007     52 22.0 128 27.3
077008   8 52 22.2 128 26.7
077009     52 22.4 128 27.0
077010  10 52 22.3 128 27.4
077011     52 22.6 128 27.2
077012  12 52 23.0 128 26.8
077013     52 22.9 128 26.2
077014  14 52 23.0 128 26.7
077015     52 23.1 128 27.2
077016  16 52 23.2 128 27.8
077017     52 23.5 128 28.0
077018  18 52 23.4 128 28.2
077019     52 23.5 128 28.4
077020  20 52 23.8 128 28.4
077030  30 52 25.9 128 29.7
077031     52 25.8 128 30.6
077032  32 52 25.9 128 31.2
077033     52 26.1 128 31.9
077034  34 52 26.3 128 32.4
077035     52 26.5 128 33.0
077036  36 52 26.8 128 33.5
077037     52 27.2 128 33.9
077038  38 52 27.1 128 34.5
077039     52 27.3 128 35.2
077040  40 52 27.6 128 35.7
077041     52 27.7 128 36.2
077042  42 52 27.9 128 36.8
077043     52 28.1 128 37.4
077044  44 52 28.5 128 37.9
077045     52 28.7 128 38.0
077046  46 52 28.9 128 38.9
077047     52 29.2 128 39.6
077048  48 52 28.4 128 40.6
077049     52 28.0 128 39.9
077050  50 52 28.6 128 40.3
077051     52 28.8 128 39.7
077052  52 52 28.3 128 39.1
077053     52 28.1 128 38.7
077054  54 52 27.9 128 38.0
077055     52 27.5 128 37.3
077056  56 52 27.1 128 37.3
077057     52 26.6 128 37.2
077058  58 52 26.2 128 37.3
077059     52 25.8 128 37.6
077060  60 52 25.3 128 37.6
077061     52 25.0 128 37.7
077062  62 52 24.5 128 37.5
077063     52 24.0 128 37.2
077064  64 52 23.6 128 37.3
077065     52 23.2 128 37.4
077066  66 52 22.7 128 37.2
077067     52 22.3 128 37.0
077068  68 52 21.9 128 36.9
077069     52 21.5 128 37.2
077070  70 52 21.1 128 37.1
077071     52 20.6 128 37.1
077072  72 52 20.2 128 37.3
077073     52 20.2 128 37.0
077074  74 52 19.9 128 37.0
077075     52 19.4 128 37.2
077076  76 52 19.2 128 37.6
077077     52 18.8 128 37.6
077078  78 52 18.7 128 38.0
077079     52 18.6 128 38.6
077080  80 52 18.3 128 39.0
077081     52 18.0 128 39.1
077082  82 52 17.8 128 39.7
077154 154 52 29.0 128 42.7   ! duplicate of 067154 to 067164
077155     52 29.4 128 42.4
077156 156 52 29.2 128 42.2
077157     52 30.1 128 41.9
077158 158 52 29.8 128 41.2
077159     52 29.7 128 40.7
077160 160 52 29.5 128 40.4
077161     52 28.7 128 40.6
077162 162 52 29.2 128 40.8
077163     52 29.2 128 41.4
077164 164 52 29.0 128 41.9
078000   0 52 24.0 128  9.4
078001     52 24.5 128  9.1
078002   2 52 24.9 128  8.8
078003     52 25.5 128  8.7
078004   4 52 26.1 128  9.3
078005     52 26.6 128 10.2
078006   6 52 27.0 128 11.1
078007     52 27.4 128 11.9
078008   8 52 27.6 128 12.0
078009     52 27.4 128 11.4
078010  10 52 27.2 128 10.7
078011     52 26.9 128 10.1
078012  12 52 26.7 128  9.8
078013     52 26.9 128  9.1
078014  14 52 26.5 128  8.7
078015     52 26.5 128  8.1
078016  16 52 27.0 128  7.7
078017     52 27.4 128  7.3
078018  18 52 27.8 128  7.1
078019     52 27.8 128  6.6
078020  20 52 28.4 128  6.1
078021     52 28.9 128  6.2
078022  22 52 29.2 128  6.4
078023     52 29.4 128  5.9
078024  24 52 29.9 128  5.7
078025     52 30.3 128  6.1
078026  26 52 30.7 128  6.2
078027     52 30.9 128  5.5
078028  28 52 30.9 128  5.1
078029     52 31.3 128  5.3
078030  30 52 31.8 128  5.8
078031     52 32.4 128  6.1
078032  32 52 32.9 128  6.8
078033  33 52 33.6 128  6.6
078034  34 52 34.1 128  6.7
078035     52 34.9 128  6.8
078036  36 52 35.5 128  6.8
078037     52 35.9 128  6.6
078038  38 52 35.9 128  5.9
078039     52 36.0 128  5.2
078040  40 52 36.4 128  4.7
078041     52 36.8 128  4.3
078042  42 52 37.1 128  3.8
078043     52 37.3 128  3.2
078044  44 52 37.9 128  2.9
078045     52 38.4 128  3.1
078046  46 52 38.8 128  3.1
078047     52 39.2 128  3.1
078048  48 52 39.0 128  2.6
078049     52 38.6 128  2.6
078050  50 52 38.0 128  2.6
078051     52 38.0 128  2.1
078052  52 52 37.7 128  1.6
078053     52 37.3 128  2.1
078054  54 52 36.8 128  2.4
078055     52 36.4 128  3.0
078056  56 52 36.3 128  3.9
078057     52 36.0 128  4.3
078058  58 52 35.7 128  5.0
078059     52 35.4 128  5.6
078060  60 52 35.0 128  5.9
078061     52 34.5 128  5.9
078062  62 52 34.2 128  5.9
078063     52 33.8 128  5.8
078064  64 52 33.4 128  5.8
078065     52 33.0 128  5.9
078066  66 52 32.4 128  5.5
078067     52 31.7 128  5.1
078068  68 52 31.3 128  4.6
078069     52 30.8 128  4.2
078070  70 52 30.9 128  3.2
078071     52 31.2 128  2.6
078072  72 52 30.8 128  1.7
078073     52 31.5 128  2.0
078074  74 52 32.0 128  2.1
078075     52 32.0 128  1.5
078076  76 52 31.9 128  0.7
078077     52 31.7 128  0.3
078078  78 52 31.6 127 59.4
078079     52 31.7 128  0.2
078080  80 52 31.6 128  0.8
078081     52 31.2 128  0.8
078082  82 52 31.0 128  0.2
078083     52 31.3 127 59.5
078084  84 52 31.0 127 58.9
078085     52 30.9 127 59.7
078086  86 52 30.6 128  0.3
078087     52 30.2 128  0.9
078088  88 52 30.0 128  1.9
078089     52 29.6 128  1.7
078090  90 52 29.7 128  2.1
078091     52 30.1 128  2.1
078092  92 52 30.6 128  1.9
078093     52 30.3 128  2.7
078094  94 52 30.0 128  3.1
078095     52 29.8 128  3.9
078096  96 52 29.1 128  4.0
078097     52 28.7 128  3.8
078098  98 52 28.9 128  3.1
078099     52 29.4 128  3.1
078100 100 52 29.3 128  2.1
078101     52 28.8 128  2.3
078102 102 52 28.4 128  2.0
078103     52 27.9 128  1.6
078104 104 52 27.9 128  2.4
078105     52 27.6 128  3.2
078106 106 52 27.5 128  4.2
078107     52 27.0 128  4.7
078108 108 52 26.4 128  4.7
078109     52 25.9 128  4.8
078110 110 52 26.0 128  5.6
078111     52 26.1 128  6.5
078112 112 52 25.6 128  6.6
078113     52 25.0 128  6.8
078114 114 52 24.7 128  7.0
078115     52 24.2 128  7.1
078116 116 52 23.8 128  7.5
078117 117 52 23.4 128  7.9
078120 120 52 44.6 128  9.8
078121     52 44.1 128 10.0
078122 122 52 43.5 128 10.3
078123     52 43.1 128 10.8
078124 124 52 42.6 128 11.2
078125     52 41.9 128 11.5
078126 126 52 41.7 128 12.0
078127     52 42.2 128 12.4
078128 128 52 42.7 128 12.7
078129     52 42.4 128 12.8
078130 130 52 41.9 128 12.6
078131     52 41.3 128 12.4
078132 132 52 40.6 128 12.5
078133     52 40.0 128 12.7
078134 134 52 39.4 128 12.8
078135     52 38.7 128 13.2
078136 136 52 37.9 128 13.8
078137     52 37.3 128 14.2
078138 138 52 36.7 128 14.4
078139     52 36.1 128 14.8
078140 140 52 35.5 128 15.9
078145 145 52 34.3 128 14.4
078146 146 52 34.6 128 13.8
078147     52 35.0 128 13.2
078148 148 52 35.5 128 12.8
078149     52 36.1 128 12.5
078150 150 52 36.7 128 12.0
078151     52 37.4 128 11.4
078152 152 52 37.7 128 10.7
078153     52 38.5 128 10.6
078154 154 52 39.2 128 10.4
078155     52 39.7 128 10.2
078156 156 52 40.5 128 10.1
078157 157 52 41.2 128  9.5
078170 170 52 24.0 128 27.8
078171     52 24.2 128 27.4
078172 172 52 24.3 128 26.9
078173     52 24.3 128 26.2
078174 174 52 24.4 128 25.7
078175     52 24.7 128 25.4
078176 176 52 24.6 128 25.0
078177     52 24.8 128 24.9
078178 178 52 25.2 128 25.1
078179     52 25.4 128 25.1
078180 180 52 25.8 128 25.0
078181     52 26.2 128 25.0
078182 182 52 26.6 128 24.8
078200 200 52 21.1 128  2.8
078201     52 20.6 128  2.6
078202 202 52 20.1 128  2.2
078203     52 19.6 128  2.0
078204 204 52 19.3 128  1.5
078205     52 19.4 128  1.0
078206 206 52 19.9 128  0.9
078218 218 52 21.0 128  0.1
078219     52 20.4 128  0.3
078220 220 52 19.9 128  0.2
078221     52 19.5 128  0.4
078222 222 52 19.2 128  0.5
082199     52 43.0 126 54.9
082200 200 52 43.5 126 54.9
082201     52 43.7 126 55.5
082202 202 52 44.0 126 56.1
082203     52 44.4 126 56.5
082204 204 52 44.9 126 56.8
082205     52 45.4 126 57.0
082206 206 52 45.8 126 57.3
082207     52 46.3 126 57.0
082208 208 52 46.8 126 56.8
082209     52 47.4 126 56.9
082210 210 52 47.8 126 56.9
082211     52 48.2 126 57.3
082212 212 52 48.3 126 58.2
082213     52 48.6 126 58.7
082214 214 52 49.2 126 58.5
082215     52 49.6 126 57.9
082216 216 52 49.9 126 57.8
082217     52 50.4 126 58.2
082218 218 52 50.5 126 59.0
082219     52 50.4 126 59.9
082220 220 52 50.4 127  0.6
082221     52 50.7 127  1.1
082222 222 52 51.2 127  1.6
082223     52 51.7 127  2.1
082224 224 52 52.0 127  2.9
082225     52 52.4 127  3.4
082226 226 52 52.7 127  4.0
082227 227 52 53.2 127  4.6
082228 228 52 53.0 127  4.9
082229     52 52.5 127  5.0
082230 230 52 52.0 127  4.6
082231     52 51.7 127  4.1
082232 232 52 51.2 127  3.3
082233     52 50.9 127  2.8
082234 234 52 50.5 127  2.2
082235     52 50.2 127  1.4
082236 236 52 49.8 127  1.0
082237     52 49.3 127  0.4
082238 238 52 48.9 127  0.0
082239     52 48.4 126 59.6
082240 240 52 48.0 126 59.5
082241     52 47.5 126 59.2
082242 242 52 47.0 126 59.5
082243     52 46.6 126 59.7
082244 244 52 46.1 127  0.0
082245     52 45.6 126 59.8
082246 246 52 45.2 126 59.4
082247     52 44.6 126 58.9
082248 248 52 44.2 126 58.5
082249     52 43.7 126 58.3
082250 250 52 43.2 127 57.8
082251     52 42.9 126 58.0
082252 252 52 42.6 126 58.6
082253     52 42.1 126 58.9
082254 254 52 41.8 126 59.2
082255     52 41.2 126 59.8
082256 256 52 40.9 127  0.5
082257 257 52 40.4 127  0.4
082300 300 52 16.3 127 43.8
082301     52 16.2 127 44.7
082302 302 52 16.4 127 45.6
082303     52 16.8 127 45.6
082304 304 52 17.3 127 45.5
082305     52 17.6 127 44.9
082306 306 52 18.1 127 44.9
082307     52 18.6 127 45.0
082308 308 52 19.2 127 44.7
082309     52 19.7 127 43.9
082310 310 52 20.3 127 43.9
082311     52 20.6 127 43.6
082312 312 52 21.0 127 42.9
082313     52 20.8 127 42.0
082314 314 52 21.0 127 41.4
082315     52 21.3 127 42.0
082316 316 52 21.5 127 42.9
082317     52 21.3 127 43.5
082318 318 52 20.9 127 44.2
082319     52 20.5 127 44.6
082320 320 52 20.1 127 44.7
082321     52 19.5 127 45.0
082322 322 52 19.1 127 45.6
082323     52 18.5 127 45.6
082324 324 52 18.0 127 45.6
082325     52 17.6 127 46.1
082326 326 52 17.1 127 46.3
082327     52 16.5 127 46.8
082328 328 52 16.2 127 47.0
082329     52 15.7 127 47.7
082330 330 52 15.4 127 48.2
083000   0 52 20.5 126 56.0
083001     52 20.0 126 56.1
083002   2 52 19.5 126 56.3
083003     52 19.1 126 56.8
083004   4 52 18.9 126 57.6
083005     52 18.3 126 57.6
083006   6 52 17.9 126 57.1
083106 106 52 10.0 126 52.6
083107     52  9.6 126 51.8
083108 108 52  9.2 126 51.1
083109     52  9.0 126 50.3
083110 110 52  8.6 126 49.7
083111     52  8.2 126 49.2
083112 112 52  7.7 126 48.5
083113     52  7.3 126 48.1
083114 114 52  6.8 126 47.8
083115     52  6.4 126 47.3
083116 116 52  6.1 126 46.6
083117     52  5.7 126 46.0
083118 118 52  5.2 126 45.6
083119     52  4.7 126 45.3
083120 120 52  4.3 126 44.8
083121     52  3.9 126 44.5
083122 122 52  3.5 126 44.0
083123     52  3.1 126 43.5
083124 124 52  2.6 126 43.0
083125     52  2.2 126 42.5
083126 126 52  1.7 126 42.0
083127     52  1.3 126 41.6
083128 128 52  0.8 126 41.5
083129     52  0.3 126 41.8
083130 130 51 59.8 126 41.7
083131     51 59.5 126 41.5
083132 132 51 59.0 126 41.4
083133     51 58.6 126 40.9
083134 134 51 58.0 126 40.8
083135     51 57.6 126 40.5
083136 136 51 57.9 126 39.9
083137     51 58.5 126 40.0
083138 138 51 59.0 126 40.2
083139     51 59.5 126 40.6
083140 140 52  0.0 126 40.5
083141     52  0.4 126 40.2
083142 142 52  0.7 126 40.9
083143     52  1.2 126 41.1
083144 144 52  1.7 126 40.5
083145     52  2.1 126 40.4
083146 146 52  2.6 126 40.3
083147     52  2.9 126 40.8
083148 148 52  3.3 126 41.2
083149     52  3.8 126 41.9
083150 150 52  4.1 126 42.4
083151     52  4.4 126 43.0
083152 152 52  4.9 126 43.5
083153     52  5.3 126 43.7
083154 154 52  5.9 126 44.1
083155     52  6.3 126 44.5
083156 156 52  6.8 126 45.0
083157     52  7.2 126 45.6
083158 158 52  7.5 126 46.2
083159     52  7.8 126 46.7
083160 160 52  8.3 126 47.2
083161     52  8.7 126 47.6
083162 162 52  9.2 126 48.1
083163     52  9.6 126 48.7
083164 164 52  9.8 126 49.6
083165     52 20.9 126 55.5
083166 166 52 20.6 126 55.0
083167     52 20.7 126 54.3
083168 168 52 20.9 126 53.4
083169     52 21.4 126 53.0
083170 170 52 21.8 126 52.6
083171     52 21.9 126 52.1
083172 172 52 22.0 126 51.1
083173     52 22.2 126 50.3
083174 174 52 22.2 126 49.3
083175     52 22.3 126 48.5
083176 176 52 22.6 126 48.0
083177     52 22.4 126 47.0
083178 178 52 22.5 126 46.3
083179     52 22.9 126 46.0
083180 180 52 23.3 126 46.0
083181     52 23.7 126 46.5
083182 182 52 23.9 126 47.4
083183     52 23.8 126 48.2
083184 184 52 23.6 126 49.0
083185     52 23.4 126 49.7
083186 186 52 23.3 126 50.5
083187     52 23.1 126 51.3
083188 188 52 22.8 126 52.1
083189     52 22.6 126 52.9
083190 190 52 22.4 126 53.6
083191     52 22.2 126 54.3
083192 192 52 21.8 126 54.9
083193     52 22.1 126 55.4
083194 194 52 21.9 126 56.4
083195     52 22.0 126 57.2
083196 196 52 21.6 126 57.7
083197     52 21.1 126 58.1
083198 198 52 20.6 126 58.4
083199     52 20.3 126 58.8
083200 200 52 19.9 126 59.1
083201     52 19.9 126 59.9
083202 202 52 20.1 127  0.7
083203     52 20.2 127  1.5
083204 204 52 20.3 127  2.1
083205     52 20.1 127  2.7
083206 206 52 20.0 127  3.5
083207 207 52 20.0 127  4.3
084000   0 52 17.7 127 15.3
084001     52 17.3 127 15.6
084002   2 52 17.2 127 16.2
084003     52 17.5 127 16.8
084004   4 52 16.8 127 17.4
084005     52 16.6 127 17.7
084006   6 52 16.4 127 18.0
084007     52 16.1 127 18.4
084008   8 52 15.8 127 18.8
084009     52 16.0 127 19.5
084010  10 52 15.9 127 20.3
084011     52 15.9 127 21.1
084012  12 52 15.6 127 21.4
084013     52 15.0 127 22.0
084014  14 52 15.1 127 22.6
084015     52 15.0 127 23.3
084016  16 52 15.0 127 23.9
084017     52 14.9 127 24.7
084018  18 52 14.7 127 25.5
084019     52 14.5 127 26.1
084020  20 52 13.7 127 26.7
084021     52 13.3 127 27.0
084022  22 52 12.9 127 27.5
084023     52 12.8 127 28.5
084024  24 52 12.8 127 29.1
084025     52 12.6 127 29.5
084026  26 52 12.3 127 30.1
084027     52 12.0 127 30.6
084028  28 52 11.8 127 31.0
084029     52 11.5 127 30.6
084030  30 52 11.0 127 30.8
084031     52 11.1 127 31.7
084032  32 52 11.1 127 32.7
084033     52 11.1 127 33.8
084034  34 52 10.8 127 34.4
084035     52 10.5 127 34.8
084036  36 52 10.1 127 34.6
084037     52  9.7 127 34.5
084038  38 52  9.1 127 34.4
084039     52  9.0 127 34.9
084040  40 52  8.7 127 35.7
084041     52  8.7 127 36.5
084042  42 52  8.5 127 37.3
084043     52  8.4 127 38.3
084044  44 52  8.0 127 38.4
084045     52  7.6 127 38.7
084046  46 52  7.2 127 39.1
084047     52  6.8 127 39.4
084048  48 52  6.3 127 39.8
084049     52  5.8 127 39.9
084050  50 52  5.2 127 39.7
084051     52  4.8 127 40.0
084052  52 52  4.3 127 40.1
084053     52  4.0 127 40.6
084054  54 52  3.4 127 40.7
084055     52  2.8 127 41.1
084056  56 52  2.2 127 41.6
084057     52  1.7 127 41.4
084058  58 52  1.0 127 41.5
084059     52  0.5 127 41.5
084060  60 51 59.8 127 41.5
084061     51 59.3 127 41.6
084062  62 51 58.8 127 42.1
084063     51 58.3 127 42.3
084064  64 51 59.2 127 39.1
084065     51 59.9 127 39.0
084066  66 52  0.5 127 38.6
084067     52  1.2 127 37.4
084068  68 52  1.6 127 37.8
084069     52  1.5 127 39.2
084070  70 52  2.0 127 39.0
084071     52  2.3 127 39.0
084072  72 52  2.7 127 38.8
084073     52  3.2 127 38.8
084074  74 52  3.6 127 38.6
084075     52  3.9 127 38.4
084076  76 52  4.3 127 38.0
084077     52  4.7 127 37.6
084078  78 52  5.2 127 37.3
084079     52  5.6 127 37.0
084080  80 52  5.9 127 36.7
084081     52  6.6 127 36.7
084082  82 52  7.0 127 36.5
084083     52  7.3 127 36.0
084084  84 52  7.5 127 35.2
084085     52  7.3 127 34.3
084086  86 52  7.4 127 33.5
084087     52  7.7 127 32.9
084088  88 52  8.0 127 32.4
084089     52  8.4 127 32.1
084090  90 52  8.8 127 31.7
084091     52  9.2 127 31.5
084092  92 52  9.4 127 31.0
084093     52  9.3 127 30.3
084094  94 52  9.4 127 29.6
084095     52  9.1 127 29.0
084096  96 52  8.7 127 28.3
084097  97 52 10.0 127 27.1
084098  98 52 10.7 127 27.3
084099     52 10.9 127 28.2
084100 100 52 11.2 127 27.9
084101     52 11.5 127 27.4
084102 102 52 11.3 127 26.7
084103     52 11.4 127 26.0
084104 104 52 11.3 127 25.6
084105     52 12.0 127 24.4
084106 106 52 12.6 127 23.8
084107     52 13.1 127 23.6
084108 108 52 13.4 127 22.6
084109 109 52 13.5 127 21.6
085018  18 51 48.8 127 53.7
085019     51 48.3 127 53.5
085020  20 51 47.8 127 53.5
085021     51 47.3 127 53.2
085022  22 51 46.9 127 52.9
085023     51 46.6 127 52.4
085024  24 51 46.4 127 52.7
085025     51 45.8 127 52.6
085026  26 51 45.4 127 52.3
085027     51 45.0 127 52.5
085028  28 51 44.6 127 52.9
085029     51 44.1 127 53.1
085030  30 51 43.5 127 52.9
085031     51 43.1 127 53.3
085032  32 51 42.6 127 53.2
085033     51 42.4 127 52.6
085034  34 51 42.8 127 52.1
085035     51 42.9 127 51.5
085036  36 51 42.7 127 51.8
085037     51 42.3 127 52.4
085038  38 51 42.0 127 52.7
085039     51 42.2 127 52.8
085040  40 51 42.0 127 53.2
085041     51 41.6 127 53.2
085042  42 51 41.6 127 52.8
085043     51 41.0 127 52.7
085044  44 51 40.7 127 52.6
085045     51 40.3 127 52.5
085046  46 51 40.2 127 52.4
085047     51 40.0 127 52.1
085048  48 51 39.5 127 51.9
085049     51 39.2 127 51.5
085050  50 51 38.8 127 51.1
085051     51 38.6 127 50.1
085052  52 51 38.5 127 50.5
085053     51 38.1 127 49.8
085054  54 51 38.0 127 49.5
085055     51 38.3 127 49.9
085056  56 51 38.5 127 50.3
085057     51 38.6 127 50.2
085058  58 51 38.7 127 50.0
085059     51 38.7 127 49.8
085060  60 51 39.0 127 50.0
085061     51 39.5 127 49.5
085062  62 51 40.0 127 49.3
085063     51 39.7 127 49.1
085064  64 51 39.3 127 49.2
085065     51 39.0 127 49.2
085066  66 51 38.3 127 49.3
085067     51 37.9 127 49.0
085068  68 51 37.7 127 49.1
085126 126 51 39.4 127 57.6
085127     51 39.2 127 58.1
085128 128 51 39.3 127 59.0
085129     51 39.3 127 59.7
085130 130 51 39.4 128  0.5
085131     51 39.3 128  1.3
085132 132 51 39.4 128  2.1
085133     51 39.4 128  2.9
085134 134 51 39.4 128  3.7
085135     51 39.5 128  4.4
085136 136 51 39.5 128  5.0
085137     51 39.9 128  4.5
085138 138 51 40.2 128  4.8
085139     51 40.7 128  4.5
085140 140 51 41.1 128  4.7
085141     51 41.4 128  4.4
085142 142 51 41.6 128  4.1
085143 143 51 40.1 128  5.6
085144 144 51 39.5 128  5.7
085145     51 39.3 128  6.2
085146 146 51 39.5 128  6.7
085147     51 49.7 128  7.0
085148 148 51 39.4 128  7.2
085149     51 39.2 128  7.5
085150 150 51 38.9 128  7.1
085151     51 38.6 128  7.1
085152 152 51 38.9 128  6.7
085153     51 39.1 128  6.3
085154 154 51 38.9 128  5.5
085155     51 38.7 128  5.5
085156 156 51 38.7 128  5.0
085157     51 38.8 128  4.6
085158 158 51 38.7 128  4.5
085159     51 39.1 128  4.5
085160 160 51 39.0 128  3.9
085161     51 39.1 128  3.2
085162 162 51 39.0 128  2.7
085163     51 39.0 128  2.3
085164 164 51 39.0 128  1.8
085165     51 39.0 128  1.5
085166 166 51 39.0 128  0.9
085167     51 39.0 128  0.4
085168 168 51 39.0 127 59.7
085169     51 38.9 127 59.1
085170 170 51 38.9 127 58.6
085171     51 38.8 127 57.9
085172 172 51 38.9 127 57.2
085173     51 38.4 127 57.0
085174 174 51 38.4 127 51.1
086000   0 51 52.3 127 52.1
086001     51 52.0 127 51.9
086002   2 51 52.3 127 51.4
086003     51 52.4 127 51.0
086004   4 51 52.2 127 51.1
086005     51 52.1 127 51.2
086006   6 51 51.9 127 51.6
086007     51 51.6 127 51.8
086008   8 51 51.4 127 52.5
086009     51 51.0 127 52.5
086010  10 51 50.8 127 52.2
086011     51 50.6 127 52.3
086012  12 51 50.5 127 53.3
086013     51 50.3 127 53.1
086014  14 51 50.5 127 52.4
086015     51 50.2 127 52.7
086016  16 51 49.9 127 53.2
086017  17 51 49.4 127 53.6
091069  69 51 37.3 127 48.3
091070  70 51 37.3 127 47.6
091071     51 37.3 127 48.5
091072  72 51 36.7 127 48.2
091073     51 37.1 127 47.6
091074  74 51 37.8 127 47.4
091075     51 38.5 127 47.4
091076  76 51 38.8 127 47.5
091077     51 38.4 127 47.2
091078  78 51 38.0 127 46.7
091079     51 38.4 127 46.0
091080  80 51 39.2 127 45.9
091081     51 39.7 127 46.3
091082  82 51 40.2 127 46.4
091083     51 39.8 127 46.1
091084  84 51 39.2 127 45.8
091085     51 38.8 127 45.7
091086  86 51 38.3 127 45.2
091087     51 37.7 127 45.5
091088  88 51 37.9 127 45.9
091089     51 37.3 127 45.8
091090  90 51 37.4 127 45.5
091091     51 37.6 127 45.1
091092  92 51 37.8 127 44.4
091093     51 38.2 127 44.0
091094  94 51 37.9 127 43.8
091095     51 37.3 127 43.5
091096  96 51 37.0 127 44.0
091097     51 36.8 127 43.4
091098  98 51 37.1 127 42.9
091099     51 37.1 127 42.3
091100 100 51 37.5 127 41.7
091101     51 37.7 127 41.5
091102 102 51 37.6 127 41.3
091103 103 51 37.2 127 41.5
091104 104 51 36.5 127 41.0
091105     51 36.2 127 40.6
091106 106 51 36.2 127 40.4
091107     51 36.2 127 40.9
091108 108 51 36.4 127 42.1
091109     51 36.3 127 43.2
091110 110 51 36.4 127 43.7
091111     51 36.3 127 44.3
091112 112 51 36.4 127 44.5
091113     51 36.0 127 45.0
091114 114 51 35.8 127 44.9
091115     51 35.1 127 45.4
091116 116 51 35.4 127 45.5
091117     51 35.9 127 45.6
091118 118 51 36.4 127 45.6
091119     51 36.0 127 45.9
091120 120 51 35.8 127 46.4
091121     51 35.8 127 46.5
091122 122 51 36.1 127 46.5
091123 123 51 36.6 127 46.6
092000   0 51 31.1 127 46.8
092001     51 31.4 127 46.1
092002   2 51 31.8 127 46.2
092003     51 32.2 127 46.2
092004   4 51 32.5 127 45.7
092005     51 32.7 127 45.3
092006   6 51 32.3 127 45.0
092007     51 32.0 127 45.1
092008   8 51 31.6 127 44.8
092009     51 32.1 127 45.8
092010  10 51 31.7 127 45.7
092011     51 31.7 127 46.0
092012  12 51 31.9 127 45.8
092013     51 32.0 127 45.6
092014  14 51 28.3 127 42.7
092015     51 28.1 127 43.0
092016  16 51 28.2 127 43.5
092017     51 28.5 127 43.7
092018  18 51 28.6 127 44.2
092019     51 28.7 127 44.0
092020  20 51 28.9 127 44.6
092021     51 29.3 127 44.8
092022  22 51 29.2 127 45.2
092023     51 29.4 127 45.4
092024  24 51 29.2 127 45.6
092025     51 28.9 127 45.5
092026  26 51 29.0 127 45.8
092027     51 29.5 127 45.9
092028  28 51 29.7 127 45.6
092029     51 30.0 127 45.0
092030  30 51 30.3 127 44.3
092031     51 30.7 127 43.8
092032  32 51 30.3 127 43.6
092033     51 30.1 127 44.3
092034  34 51 30.1 127 44.0
092035     51 30.3 127 43.4
092036  36 51 30.5 127 42.6
092037     51 30.5 127 42.0
092038  38 51 30.2 127 41.8
092039     51 29.8 127 42.1
092040  40 51 30.0 127 42.4
092041     51 29.8 127 42.7
092042  42 51 29.6 127 42.3
092043     51 29.3 127 42.2
092044  44 51 23.9 127 41.5
092045     51 24.0 127 40.8
092046  46 51 24.1 127 40.3
092047     51 23.7 127 39.7
092048  48 51 23.1 127 39.8
092049     51 22.8 127 40.2
092050  50 51 22.3 127 40.0
092051     51 22.6 127 39.6
092052  52 51 23.0 127 39.5
092053     51 23.4 127 39.3
092054  54 51 24.0 127 39.0
092055  55 51 24.4 127 38.6
092056  56 51 25.0 127 38.2
092057  57 51 27.5 127 32.8
092058  58 51 27.7 127 33.1
092059  59 51 27.4 127 32.9
092060  60 51 26.4 127 21.7
092061     51 26.4 127 20.9
092062  62 51 26.4 127 20.1
092063     51 26.4 127 19.4
092064  64 51 26.9 127 19.3
092065     51 27.3 127 19.5
092066  66 51 27.6 127 19.6
092067     51 27.1 127 19.2
092068  68 51 26.6 127 19.0
092069     51 26.2 127 18.7
092070  70 51 25.8 127 18.3
092071     51 25.5 127 18.5
092072  72 51 25.1 127 18.1
092073     51 24.8 127 18.2
092074  74 51 24.6 127 18.5
093004   4 51 44.8 127 26.8
093005   5 51 44.5 127 26.7
093006   6 51 43.9 127 26.7
093072  72 51 37.1 127 30.5
093073     51 37.6 127 29.9
093074  74 51 37.6 127 29.2
093075     51 37.5 127 28.6
093076  76 51 37.7 127 28.0
093077     51 38.0 127 27.3
093078  78 51 38.3 127 26.0
093079     51 38.4 127 26.1
093080  80 51 38.3 127 25.3
093081     51 38.2 127 24.5
093082  82 51 38.6 127 23.8
093083     51 39.0 127 23.3
093084  84 51 39.4 127 23.1
093085     51 39.5 127 22.3
093086  86 51 39.4 127 21.4
093087     51 39.2 127 20.9
093088  88 51 39.5 127 20.5
093089     51 39.9 127 19.6
093090  90 51 40.1 127 18.7
093091     51 40.1 127 17.7
093092  92 51 40.1 127 17.0
093093     51 40.1 127 16.3
093094  94 51 40.6 127 15.8
093095     51 40.9 127 15.8
093096  96 51 41.1 127 16.1
093097     51 41.1 127 16.7
093098  98 51 41.3 127 17.6
093099     51 41.3 127 18.5
093100 100 51 41.4 127 19.4
093101     51 41.7 127 20.1
093102 102 51 42.3 127 20.3
093103     51 42.5 127 21.2
093104 104 51 41.9 127 21.5
093105     51 41.5 127 21.3
093106 106 51 41.1 127 21.6
093107     51 40.8 127 22.3
093108 108 51 41.0 127 23.1
093109     51 40.8 127 23.7
093110 110 51 40.6 127 24.4
093111     51 40.4 127 25.1
093112 112 51 40.0 127 25.3
093113     51 39.6 127 25.3
093114 114 51 39.5 127 26.1
093115     51 39.8 127 26.7
093116 116 51 40.2 127 27.0
093117 117 51 40.8 127 26.7
093118 118 51 38.7 127 29.8
093119     51 38.6 127 30.7
093120 120 51 38.6 127 31.4
093121     51 38.5 127 31.9
093122 122 51 38.9 127 32.3
093123     51 39.3 127 32.5
093124 124 51 39.8 127 32.8
093125     51 39.4 127 32.8
093126 126 51 39.0 127 32.7
093127     51 38.5 127 32.8
093128 128 51 38.1 127 32.9
093129     51 37.5 127 33.2
093130 130 51 37.0 127 33.3
093131     51 36.7 127 33.4
093132 132 51 36.3 127 33.5
102000   0 51 16.8 127 39.8
102001     51 17.0 127 39.3
102002   2 51 17.3 127 38.7
102003     51 17.4 127 38.0
102004   4 51 17.3 127 37.5
102005     51 17.1 127 38.0
102006   6 51 17.1 127 38.4
102007     51 16.8 127 38.6
102008   8 51 16.6 127 39.3
102009   9 51 16.7 127 39.6
102010  10 51 16.1 127 40.8
102011  11 51 16.3 127 40.4
102012  12 51 16.4 127 39.7
102013     51 16.6 127 39.2
102014  14 51 16.7 127 38.4
102015     51 16.9 127 37.7
102016  16 51 16.9 127 37.3
102017     51 16.6 127 36.5
102018  18 51 16.4 127 37.1
102019     51 16.3 127 37.0
102020  20 51 16.3 127 36.3
102021     51 16.2 127 36.3
102022  22 51 16.3 127 35.7
102023     51 16.4 127 35.7
102024  24 51 16.6 127 36.4  ! original (duplicate = 103024 to 103036)
102025     51 16.6 127 36.0
102026  26 51 17.1 127 36.0
102027     51 17.1 127 35.7
102028  28 51 17.3 127 35.6
102029     51 17.3 127 36.4
102030  30 51 17.6 127 36.2
102031     51 17.7 127 36.7
102032  32 51 18.1 127 36.0
102033     51 18.3 127 35.4
102034  34 51 18.3 127 34.5
102035     51 18.2 127 34.3
102036  36 51 18.0 127 34.2
102037     51 17.8 127 34.2
102038  38 51 18.1 127 34.1
102039     51 18.5 127 33.5
102040  40 51 18.4 127 32.8
102041     51 18.2 127 32.5
102042  42 51 17.9 127 32.2
102043     51 18.2 127 31.7
102044  44 51 18.5 127 31.8
102045  45 51 18.6 127 31.4
102046  46 51 19.2 127 31.5
102047     51 19.2 127 32.3
102048  48 51 19.5 127 31.8
102049     51 19.8 127 31.2
102050  50 51 19.9 127 30.5
102051     51 19.9 127 29.8
102052  52 51 20.1 127 30.1
102053     51 20.1 127 30.7
102054  54 51 20.0 127 31.4
102055     51 20.3 127 31.0
102056  56 51 20.1 127 31.7
102057     51 20.4 127 31.8
102058  58 51 20.5 127 31.5
102059     51 20.6 127 31.0
102060  60 51 20.8 127 30.3
102070  70 51 18.5 127 30.5
102071  71 51 18.3 127 29.8
103024  24 51 16.6 127 36.4  ! duplicate of 102024 to 102036
103025     51 16.6 127 36.0
103026  26 51 17.1 127 36.0
103027     51 17.1 127 35.7
103028  28 51 17.3 127 35.6
103029     51 17.3 127 36.4
103030  30 51 17.6 127 36.2
103031     51 17.7 127 36.7
103032  32 51 18.1 127 36.0
103033     51 18.3 127 35.4
103034  34 51 18.3 127 34.5
103035     51 18.2 127 34.3
103036  36 51 18.0 127 34.2
103050  50 51 23.8 127  7.2
103051     51 23.4 127  7.4
103052  52 51 22.9 127  7.4
103053     51 22.4 127  7.4
103054  54 51 22.0 127  8.3
103055     51 21.8 127  9.1
103056  56 51 21.4 127  9.5
103057     51 20.7 127  9.7
103058  58 51 20.5 127 10.4
103059     51 20.4 127 11.0
103060  60 51 19.9 127 11.2
103061  61 51 19.4 127 11.8
103062  62 51 18.9 127 11.7
103063     51 19.1 127 10.8
103064  64 51 19.2 127  9.8
103065     51 19.1 127  9.4
103066  66 51 19.5 127  8.9
103067     51 19.8 127  8.3
103068  68 51 20.1 127  7.7
103069     51 20.4 127  7.7
103070  70 51 20.1 127  8.3
103071     51 19.9 127  9.2
103072  72 51 19.6 127 10.0
103073     51 20.0 127  9.9
103074  74 51 20.5 127  8.9
103075     51 20.8 127  8.9
103076  76 51 21.2 127  8.8
103077     51 21.7 127  8.0
103078  78 51 21.5 127  7.3
103079     51 21.2 127  6.9
103080  80 51 21.1 127  6.0
103081     51 21.0 127  5.1
103082  82 51 21.0 127  4.4
103083     51 21.0 127  3.8
103084  84 51 21.3 127  4.1
103085     51 21.3 127  4.9
103086  86 51 21.3 127  5.6
103087     51 21.5 127  6.5
103088  88 51 21.8 127  6.8
103089  89 51 22.3 127  6.5
111032  32 51  2.4 127 31.4
111033  33 51  2.0 127 31.3
111060  60 51  7.3 127 33.8
111061     51  7.5 127 34.5
111062  62 51  7.6 127 35.3
111063     51  7.6 127 36.1
111064  64 51  7.7 127 36.9
111065     51  7.9 127 36.1
111066  66 51  8.3 127 36.3
111067     51  8.6 127 36.9
111068  68 51  8.6 127 36.3
111069     51  8.4 127 35.5
111070  70 51  8.2 127 34.9
112000   0 51  5.6 127 18.8
112001     51  5.7 127 18.0
112002   2 51  5.6 127 17.2
112003     51  5.6 127 16.5
112004   4 51  5.6 127 15.5
112005     51  5.4 127 14.8
112006   6 51  5.5 127 13.9
112007     51  5.6 127 13.0
112008   8 51  5.5 127 12.5
112009     51  5.7 127 11.8
112010  10 51  5.2 127 11.8
112011     51  4.8 127 11.7
112012  12 51  4.4 127 11.1
112013     51  4.1 127 10.4
112014  14 51  3.9 127  9.4
112015     51  3.9 127  8.6
112016  16 51  3.7 127  8.9
112017     51  3.7 127  9.7
112018  18 51  3.8 127 10.6
112019     51  4.0 127 11.3
112020  20 51  4.9 127 11.7
112021     51  4.8 127 12.0
112022  22 51  5.2 127 12.3
112023     51  5.1 127 13.1
112024  24 51  5.2 127 14.0
112025     51  5.4 127 14.5
112026  26 51  5.3 127 15.2
112027     51  5.2 127 15.9
112028  28 51  5.3 127 16.6
112029     51  5.3 127 17.5
112030  30 51  5.4 127 18.2
112031  31 51  5.4 127 18.8
112044  44 51  6.6 126 45.2
112045  45 51  7.1 126 45.1
112046  46 51  7.7 126 44.7
112047  47 51  7.6 126 43.8
112048  48 51  8.0 126 43.4
112050  50 51 11.7 126 40.9
112051  51 51 11.1 126 40.6
112052  52 51 10.5 126 40.2
112053  53 51 10.1 126 40.3
112054  54 51  9.5 126 40.4
112055  55 51  8.8 126 40.8
112056  56 51  2.3 126 43.2
112057  57 51  1.9 126 43.8
112058  58 51  1.4 126 43.7
112065  65 51  6.5 126 44.2
112066  66 51  6.1 126 44.7
112067     51  5.7 126 45.2
112068  68 51  5.4 126 45.9
112069     51  5.0 126 46.6
112070  70 51  4.7 126 47.3
112071  71 51  4.1 126 47.3
121000   0 50 58.0 127 26.1
121001     50 57.9 127 25.7
121002   2 50 57.8 127 25.2
121003     50 57.7 127 25.0
121004   4 50 57.6 127 25.3
121005     50 57.7 127 26.0
121006   6 50 57.8 127 26.6
121007     50 57.6 127 27.2
121008   8 50 57.2 127 27.0
122000   0 50 44.6 127 29.5
122001     50 44.0 127 29.6
122002   2 50 43.6 127 29.4
122003     50 43.1 127 29.2
122004   4 50 42.7 127 29.2
122005     50 42.3 127 28.7
122006   6 50 42.0 127 28.4
122007     50 42.1 127 28.1
122008   8 50 42.5 127 28.3
122009     50 43.0 127 28.8
122010  10 50 43.2 127 28.4
122011     50 43.3 127 27.7
122012  12 50 43.4 127 27.3
122013     50 43.6 127 27.5
122014  14 50 44.0 127 26.9
122015     50 44.1 127 26.5
122016  16 50 44.5 127 26.6
122017     50 44.8 127 26.3
122018  18 50 44.9 127 25.7
122019     50 45.0 127 24.9
122020  20 50 44.8 127 24.4
122021     50 44.2 127 24.5
122022  22 50 43.9 127 24.8
122023     50 43.8 127 24.6
122024  24 50 43.3 127 25.0
122025     50 42.9 127 25.4
122026  26 50 42.4 127 25.4
122027     50 41.8 127 25.0
122028  28 50 41.8 127 24.3
122029     50 41.9 127 23.5
122030  30 50 41.9 127 22.8
122031     50 41.4 127 22.4
122032  32 50 41.0 127 21.6
122033     50 40.8 127 21.0
122034  34 50 40.3 127 20.2
122035     50 40.2 127 19.5
122036  36 50 39.9 127 18.8
122037     50 39.6 127 18.0
122038  38 50 39.5 127 17.2
122039     50 39.2 127 16.6
122040  40 50 38.9 127 15.6
122041  41 50 43.9 127 23.1
122042  42 50 43.9 127 23.8
122043  43 50 43.5 127 24.1
122044  44 50 43.6 127 23.3
122046  46 50 42.8 127 22.3
122047  47 50 42.8 127 23.0
122048  48 50 43.2 127 22.9
122049  49 50 43.3 127 22.8
122050  50 50 43.0 127 22.2
122051  51 50 42.6 127 24.0
122052  52 50 43.0 127 24.1
122053  53 50 42.7 127 24.2
123020  20 50 34.9 126 28.4
123021     50 35.3 126 27.8
123022  22 50 35.5 126 27.4
123023     50 35.4 126 27.0
123024  24 50 35.0 126 26.9
123025     50 35.0 126 26.2
123047  47 50 37.5 126 30.8
123048  48 50 37.3 126 31.3
123049     50 37.0 126 32.2
123050  50 50 36.8 126 33.0
123051     50 36.7 126 33.7
123052  52 50 36.8 126 34.1
123054  54 50 37.2 126 31.2
123055     50 37.0 126 31.9
123056  56 50 36.9 126 32.5
123057     50 36.7 126 33.1
123058  58 50 36.5 126 33.8
123059     50 36.2 126 33.7
123060  60 50 35.9 126 34.2
123061     50 35.7 126 33.6
123062  62 50 35.7 126 32.7
123063     50 36.0 126 32.2
123064  64 50 35.9 126 32.2
123065     50 35.6 126 32.0
123066  66 50 35.4 126 31.7
123067     50 35.3 126 31.1
123068  68 50 35.4 126 30.4
123069     50 35.4 126 20.0
123070  70 50 35.2 126 30.4
123071  71 50 35.1 126 31.1
123072  72 50 35.0 126 30.2
123073     50 34.7 126 29.9
123074  74 50 34.6 126 29.0
123076  76 50 35.1 126 33.6
123077     50 35.3 126 34.3
123078  78 50 35.3 126 34.8
123079     50 35.4 126 35.0
123080  80 50 35.6 126 35.4
123081     50 35.8 126 35.0
123082  82 50 35.8 126 35.4
123083  83 50 35.7 126 35.4
123084  84 50 32.8 126 35.4
123085  85 50 33.0 126 34.7
123086  86 50 34.0 126 28.5
123087     50 33.7 126 28.0
123088  88 50 33.6 126 27.5
123089     50 33.4 126 26.6
123090  90 50 33.2 126 25.9
123091     50 33.1 126 26.5
123092  92 50 33.0 126 26.0
123093     50 33.2 126 25.4
123094  94 50 33.4 126 26.3
123095     50 34.5 126 26.9
123096  96 50 33.8 126 27.3
123097     50 34.1 126 26.8
123098  98 50 34.0 126 27.5
123099     50 34.2 126 27.7
123100 100 50 34.2 126 27.1
123101     50 35.4 126 26.6
123102 102 50 34.3 126 26.1
123103     50 34.7 126 25.4
123104 104 50 34.8 126 24.9
123105 105 50 35.1 126 24.2
123106 106 50 34.6 126 25.5
123107 107 50 34.5 126 26.2
123108 108 50 34.8 126 25.7
123109 109 50 35.1 126 22.9
123110 110 50 35.1 126 22.1
123111 111 50 35.1 126 21.1
123112 112 50 32.2 126 12.2
123113     50 31.9 126 11.3
123114 114 50 31.2 126 11.2
123115     50 31.0 126 11.0
123116 116 50 31.3 126 10.4
123117 117 50 31.6 126 10.5
123125 125 50 36.6 126 16.1
123126 126 50 36.9 126 15.8
123127     50 37.1 126 15.0
123128 128 50 37.5 126 14.4
123129     50 37.5 126 15.0
123130 130 50 37.2 126 15.9
123131 131 50 37.2 126 16.8
124000   0 50 54.0 126 53.2
124001     50 54.5 126 53.7
124002   2 50 54.2 126 54.4
124003     50 54.5 126 54.5
124004   4 50 54.8 126 54.1
124005     50 55.0 126 53.5
124006   6 50 55.4 126 53.0
124007     50 55.7 126 53.7
124008   8 50 55.8 126 54.0
124009     50 56.1 126 53.9
124010  10 50 56.4 126 53.4
124011     50 56.2 126 53.1
124012  12 50 55.9 126 53.2
124013     50 55.7 126 52.7
124014  14 50 55.9 126 52.3
124015     50 56.3 126 52.1
124016  16 50 56.6 126 51.8
124017     50 56.7 126 51.2
124018  18 50 56.7 126 50.5
124019     50 56.7 126 49.6
124020  20 50 56.8 126 49.0
124021     50 56.6 126 48.5
124022  22 50 56.1 126 48.1
124023     50 56.7 126 47.5
124024  24 50 56.0 126 46.7
124025     50 55.7 126 47.0
124026  26 50 55.4 126 47.6
124027     50 55.3 126 48.3
124028  28 50 55.2 126 49.0
124029     50 55.4 126 49.4
124030  30 50 55.5 126 50.1
124031     50 55.1 126 50.2
124032  32 50 55.2 126 51.2
124033  33 50 55.5 126 51.4
124034  34 50 54.6 126 52.0
124035     50 54.3 126 52.5
124036  36 50 54.1 126 52.1
124037  37 50 54.0 126 51.6
124038  38 50 53.9 126 50.8
124039     50 54.7 126 50.4
124040  40 50 54.9 126 49.6
124041     50 55.0 126 48.9
124042  42 50 55.2 126 48.1
124043     50 55.2 126 47.3
124044  44 50 54.9 126 47.3
124045     50 54.5 126 47.6
124046  46 50 54.7 126 47.2
124047     50 55.3 126 47.0
124048  48 50 55.5 126 46.2
124049  49 50 55.6 126 45.4
124050  50 50 56.1 126 46.3
124051     50 56.3 126 47.0
124052  52 50 56.6 126 47.9
124053     50 56.7 126 48.2
124054  54 50 57.1 126 48.7
124055     50 57.0 126 48.5
124056  56 50 57.3 126 48.0
125000   0 50 44.6 126 41.6
125001     50 44.4 126 40.8
125002   2 50 44.5 126 40.3
125003     50 44.9 126 39.6
125004   4 50 44.8 126 39.4
125005     50 44.7 126 39.7
125006   6 50 44.4 126 39.5
125008   8 50 44.5 126 39.0
125009     50 44.2 126 39.0
125010  10 50 44.2 126 38.5
125011     50 44.0 126 37.9
125012  12 50 44.1 126 37.1
125013  13 50 44.5 126 37.8
125015  15 50 43.7 126 37.2
125016  16 50 44.0 126 37.2
125017     50 43.9 126 38.1
125018  18 50 43.8 126 38.8
125019     50 43.9 126 39.3
125020  20 50 43.8 126 39.9
125021  21 50 43.6 126 40.4
125023     50 42.7 126 36.9
125024  24 50 42.6 126 37.8
125025     50 42.9 126 33.9
125026  26 50 42.8 126 34.1
125027     50 42.9 126 34.3
125028  28 50 42.9 126 35.0
125029     50 42.6 126 35.4
125030  30 50 42.4 126 35.1
125031     50 42.2 126 35.5
125032  32 50 41.9 126 36.1
125033     50 41.5 126 35.8
125034  34 50 41.5 126 35.0
125035     50 41.8 126 34.1
125036  36 50 42.1 126 33.8
125037     50 41.9 126 33.0
125038  38 50 41.6 126 33.6
125039     50 41.5 126 34.4
125040  40 50 41.4 126 34.8
125041     50 41.1 126 34.5
125042  42 50 40.8 126 34.2
125043     50 40.9 126 34.8
125044  44 50 41.0 126 35.5
125045  45 50 40.6 126 35.8
125104 104 50 44.1 126 33.4
125105     50 44.3 126 33.8
125106 106 50 44.5 126 33.4
125107     50 44.6 126 33.3
125108 108 50 44.5 126 32.0
125109     50 44.6 126 31.3
125110 110 50 44.7 126 31.1
125111     50 44.6 126 30.4
125112 112 50 44.4 126 30.5
125113     50 44.4 126 30.9
125114 114 50 44.2 126 30.3
125115     50 44.0 126 29.4
125116 116 50 43.8 126 29.2
125117     50 44.0 126 29.0
125118 118 50 44.2 126 29.3
125119     50 44.5 126 30.0
125120 120 50 44.9 126 29.8
125121     50 45.0 126 29.6
125122 122 50 45.4 126 29.5
125123     50 45.6 126 29.2
125124 124 50 46.1 126 29.3
125125     50 46.0 126 28.7
125126 126 50 45.8 126 28.2
125127     50 46.0 126 28.0
125128 128 50 46.1 126 27.8
125129     50 46.5 126 28.0
125130 130 50 46.6 126 27.7
125131     50 46.9 126 27.0
125132 132 50 46.8 126 26.1
125133     50 47.1 126 25.7
125134 134 50 46.9 126 24.8
125135     50 47.0 126 24.3
125136 136 50 47.1 126 23.6
125137     50 47.1 126 23.8
125138 138 50 47.2 126 23.1
125139 139 50 47.3 126 21.5
125150 150 50 46.7 126 10.9
125151     50 46.7 126  9.9
125152 152 50 46.5 126  9.1
125153     50 46.2 126  8.5
125154 154 50 46.2 126  7.8
125155     50 46.3 126  7.1
125156 156 50 46.7 126  6.7
125157     50 46.8 126  5.8
125158 158 50 47.0 126  4.9
125159     50 47.0 126  4.2
125160 160 50 47.4 126  3.5
125161     50 47.5 126  2.4
125162 162 50 47.8 126  2.1
125163     50 48.3 126  1.8
125164 164 50 48.7 126  1.2
125165     50 48.4 126  1.4
125166 166 50 48.2 126  0.8
125167     50 47.8 126  0.8
125168 168 50 47.4 126  1.7
125169     50 47.5 126  1.1
125170 170 50 47.4 126  0.8
125171     50 47.1 126  1.3
125172 172 50 46.8 126  2.1
125173     50 46.6 126  3.0
125174 174 50 46.5 126  3.7
125175     50 46.4 126  4.2
125176 176 50 46.2 126  4.7
125177     50 45.8 126  5.1
125178 178 50 45.7 126  5.5
125179     50 45.5 126  6.1
125180 180 50 45.3 126  6.7
125181 181 50 50.0 126 13.2
125182 182 50 50.2 126 12.5
125183     50 50.4 126 11.9
125184 184 50 50.6 126 11.5
125185     50 51.1 126 11.5
125186 186 50 51.5 126 11.7
125187     50 51.9 126 11.4
125188 188 50 52.2 126 11.3
125189     50 52.6 126 11.1
125190 190 50 52.3 126 10.5
125191     50 52.5 126  9.9
125192 192 50 52.2 126  9.9
125193     50 51.9 126  9.9
125194 194 50 51.5 126 10.1
125195     50 51.2 126 10.1
125196 196 50 50.8 126 10.1
125197     50 50.4 126 10.2
125198 198 50 49.9 126 10.5
125199     50 49.7 126 11.0
125200 200 50 49.4 126 11.5
125201 201 50 49.0 126 11.9
126050  50 50 51.7 126 44.1
126051     50 51.5 126 44.4
126052  52 50 51.1 126 44.9
126053     50 51.4 126 45.5
126054  54 50 51.1 126 46.2
126055     50 50.9 126 47.0
126056  56 50 50.8 126 48.0
126058  58 50 54.2 126 35.4
126059     50 54.3 126 34.8
126060  60 50 54.5 126 34.1
126061     50 54.8 126 33.7
126062  62 50 55.2 126 33.5
126063     50 55.6 126 33.0
126064  64 50 55.9 126 32.4
126065     50 56.3 126 31.8
126066  66 50 56.4 126 31.0
126067  67 50 56.8 126 30.7
126068  68 50 57.3 126 31.0
126069     50 57.7 126 31.0
126070  70 50 58.2 126 31.5
126071     50 58.6 126 31.9
126072  72 50 59.1 126 32.3
126073     50 59.4 126 32.3
126074  74 50 59.9 126 32.6
126075     51  0.3 126 33.0
126076  76 51  0.8 126 32.9
126077     51  1.2 126 32.6
126078  78 51  1.7 126 32.3
126079     51  2.0 126 31.7
126080  80 51  1.9 126 30.8
126081     51  1.5 126 30.5
126082  82 51  1.0 126 30.4
126083     51  0.5 126 30.6
126084  84 51  0.0 126 30.4
126085     50 59.6 126 30.0
126086  86 50 59.2 126 29.4
126087     50 58.8 126 29.5
126088  88 50 58.4 126 29.3
126089     50 57.9 126 29.2
126090  90 50 57.6 126 28.5
126091     50 57.2 126 28.3
126092  92 50 56.8 126 27.9
126093     50 56.7 126 27.1
126094  94 50 56.8 126 26.4
126095     50 56.6 126 25.6
126096  96 50 56.4 126 24.9
126097     50 56.2 126 24.1
126098  98 50 56.0 126 23.5
126099     50 56.0 126 22.6
126100 100 50 56.2 126 21.9
126101     50 56.1 126 21.3
126102 102 50 55.9 126 21.1
126103     50 55.8 126 20.8
126104 104 50 55.7 126 20.0
126105     50 55.9 126 19.2
126106 106 50 56.0 126 18.4
126107     50 55.9 126 17.7
126108 108 50 55.8 126 16.9
126109     50 55.6 126 16.1
126110 110 50 55.6 126 15.3
126111     50 55.6 126 14.5
126112 112 50 55.5 126 13.7
126113     50 55.9 126 13.1
126114 114 50 56.3 126 12.6
126115     50 56.8 126 12.5
126116 116 50 57.0 126 11.8
126117     50 57.3 126 11.4
126118 118 50 57.3 126 10.6
126119     50 56.9 126 10.8
126120 120 50 56.4 126 10.6
126121     50 56.0 126 10.9
126122 122 50 55.6 126 11.3
126123     50 55.2 126 11.6
126124 124 50 54.7 126 11.7
126125     50 54.3 126 12.2
126126 126 50 54.5 126 25.6
126127     50 54.6 126 26.4
126128 128 50 55.0 126 26.9
126129     50 55.3 126 27.5
126130 130 50 55.5 126 28.2
126131     50 55.5 126 29.0
126132 132 50 55.5 126 29.8
126133     50 55.1 126 30.2
126134 134 50 54.6 126 30.4
126135     50 54.3 126 31.1
126136 136 50 54.4 126 31.8
126137     50 54.1 126 32.5
126138 138 50 53.8 126 33.0
126139     50 53.3 126 33.1
126140 140 50 53.0 126 32.5
126141     50 52.6 126 32.6
126142 142 50 52.3 126 32.5
126143 143 50 52.1 126 33.2
126144 144 50 51.8 126 33.6
126145     50 52.4 126 34.1
126146 146 50 52.5 126 34.7
126147     50 52.5 126 35.4
126148 148 50 52.4 126 36.1
126149     50 52.1 126 35.9
126150 150 50 51.8 126 35.3
126151     50 51.6 126 34.7
126152 152 50 51.7 126 34.2
126153     50 51.9 126 33.7
126156 156 50 51.1 126 31.5
126157 157 50 50.9 126 32.3
126158 158 50 51.1 126 33.0
126159     50 51.4 126 33.0
126160 160 50 51.3 126 32.4
126161     50 51.4 126 31.6
126162 162 50 51.5 126 31.4
126163 163 50 51.7 126 31.3
126170 170 50 54.0 126 35.4
126171 171 50 53.7 126 36.0
126172 172 50 53.6 126 36.4
127000   0 50 53.2 125 38.1
127001   1 50 53.6 125 38.1
127002   2 50 54.0 125 38.4
127003     50 54.2 125 37.6
127004   4 50 54.4 125 36.8
127005     50 54.5 125 36.0
127006   6 50 54.2 125 35.3
127007     50 54.2 125 34.5
127008   8 50 54.4 125 33.9
127009     50 54.9 125 34.1
127010  10 50 55.2 125 33.5
127011     50 55.6 125 33.0
127012  12 50 56.1 125 32.7
127013     50 56.7 125 32.8
127014  14 50 57.1 125 33.2
127015     50 57.2 125 33.9
127016  16 50 57.4 125 34.6
127017     50 57.9 125 35.1
127018  18 50 58.3 125 35.3
127019     50 58.8 125 35.0
127020  20 50 59.3 125 34.7
127021     50 59.8 125 35.0
127022  22 51  0.2 125 35.4
127023     51  0.7 125 35.3
127024  24 51  1.1 125 35.9
127025     51  1.4 125 36.6
127026  26 51  1.6 125 36.6
127027     51  1.9 125 35.3
127028  28 51  2.4 125 35.6
127029     51  2.9 125 36.1
127030  30 51  3.2 125 36.6
127031     51  3.6 125 37.2
127032  32 51  4.0 125 37.9
127033     51  4.5 125 38.1
127034  34 51  5.1 125 38.1
127035     51  5.2 125 37.3
127036  36 51  5.3 125 36.5
127037     51  5.2 125 35.6
127038  38 51  4.8 125 35.0
127039     51  4.7 125 34.3
127040  40 51  4.7 125 33.8
127041     51  4.4 125 34.0
127042  42 51  4.1 125 33.3
127043     51  3.8 125 32.7
127044  44 51  3.2 125 32.5
127045     51  2.7 125 32.3
127046  46 51  2.2 125 32.4
127047     51  1.8 125 32.6
127048  48 51  1.2 125 32.6
127049     51  0.7 125 32.5
127050  50 51  0.1 125 32.4
127051     50 59.8 125 31.8
127052  52 50 59.3 125 31.6
127053     50 58.8 125 31.8
127054  54 50 58.4 125 32.1
127055     50 58.2 125 31.3
127056  56 50 57.8 125 30.7
127057     50 57.4 125 30.3
127058  58 50 56.9 125 30.1
127059     50 56.4 125 29.7
127060  60 50 56.2 125 30.2
127061     50 55.8 125 30.5
127062  62 50 55.4 125 31.0
127063     50 55.1 125 31.4
127064  64 50 54.6 125 31.7
127065     50 54.1 125 31.9
127066  66 50 53.6 125 32.0
127067     50 53.1 125 32.1
127068  68 50 52.6 125 32.4
127069     50 52.2 125 32.9
127070  70 50 52.0 125 33.6
127071     50 52.1 125 34.4
127072  72 50 52.3 125 35.2
127073     50 52.2 125 36.0
127074  74 50 52.5 125 36.7
127075     50 52.2 125 37.3
127076  76 50 51.9 125 37.7
127077     50 51.8 125 37.5
127078  78 50 51.6 125 38.3
127079     50 51.1 125 38.7
127080  80 50 50.6 125 38.6
127081     50 50.1 125 38.4
127082  82 50 49.6 125 38.0
127083     50 49.3 125 37.4
127084  84 50 49.1 125 36.8
127085     50 48.9 125 36.5
127086  86 50 48.5 125 36.0
127087     50 48.2 125 35.9
127088  88 50 47.9 125 35.5
127089     50 47.5 125 35.7
127090  90 50 47.2 125 35.9
127091     50 46.8 125 36.1
127092  92 50 46.9 125 36.3
127093     50 46.4 125 36.7
127094  94 50 46.0 125 36.7
127095     50 45.7 125 36.8
127096  96 50 45.4 125 36.9
127110 110 50 41.0 125 43.3       Glendale Cv
127111 111 50 40.5 125 43.5
127112     50 40.5 125 44.1
127113 113 50 40.9 125 44.2
127114 114 50 41.3 125 44.5
127115 115 50 41.2 125 45.4
127123 123 50 46.8 125 38.8       Kwalate Pt
127124 124 50 46.4 125 39.1
127125 125 50 46.6 125 39.8
131000   0 50 21.3 125 22.8
131001     50 21.2 125 22.0
131002   2 50 21.1 125 21.3
131003     50 20.9 125 20.6
131004   4 50 20.7 125 19.9
131005   5 50 20.5 125 19.4
132085  85 50  7.4 125 18.1
132086  86 50  7.7 125 18.4
132087     50  7.9 125 18.8
132088  88 50  8.0 125 19.2
132089     50  8.1 125 19.8
132090  90 50  8.5 125 20.2
132091     50  8.2 125 20.8
132092  92 50  8.7 125 20.9
132093     50  9.0 125 20.9
132094  94 50  9.5 125 20.6
132095     50  9.3 125 20.1
132096  96 50  9.9 125 19.9
132097     50 10.2 125 20.5
132098  98 50 10.5 125 21.0
132099     50 10.9 125 20.8
132100 100 50 10.5 125 20.4
132101     50 10.4 125 19.9
132102 102 50 10.7 125 19.4
132103     50 11.0 125 19.7
132104 104 50 11.4 125 20.3
132105     50 11.8 125 20.7
132106 106 50 12.2 125 21.1
132107     50 12.8 125 21.3
132108 108 50 13.2 125 21.6
132109     50 13.7 125 21.9
132110 110 50 14.2 125 22.0
132111     50 14.7 125 22.1
132112 112 50 14.7 125 21.4
132113     50 14.7 125 20.8
132114 114 50 14.7 125 19.8
132115     50 14.5 125 19.0
132116 116 50 14.3 125 18.5
132117     50 14.4 125 18.1
132118 118 50 14.6 125 18.8
132119     50 14.9 125 18.4
132120 120 50 14.8 125 19.1
132121     50 15.1 125 18.7
132122 122 50 15.1 125 18.2
132123     50 15.4 125 17.7
132124 124 50 15.4 125 16.8
132125     50 15.7 125 16.2
132126 126 50 15.7 125 16.7
132127     50 15.8 125 17.3
132128 128 50 15.6 125 17.7
132129     50 15.3 125 18.6
132130 130 50 15.6 125 18.9
132131     50 15.6 125 19.1
132132 132 50 15.6 125 20.7
132133 133 50 17.4 125 19.4
132134 134 50 17.5 125 18.5
132135 135 50 17.7 125 17.7
132136 136 50 17.6 125 18.5
133000   0 50 40.7 125 30.0
133001     50 40.8 125 29.5
133002   2 50 41.0 125 28.7
133003     50 41.2 125 28.1
133004   4 50 41.7 125 27.8
133005     50 42.1 125 27.8
133006   6 50 42.6 125 28.2
133007     50 42.9 125 28.1
133008   8 50 43.2 125 27.6
133009     50 42.8 125 27.4
133010  10 50 42.9 125 26.6
133011     50 43.2 125 26.0
133012  12 50 42.7 125 25.5
133013     50 42.4 125 26.0
133014  14 50 42.0 125 26.4
133015     50 41.7 125 26.8
133016  16 50 41.2 125 26.9
133017     50 40.8 125 27.1
133018  18 50 40.4 125 27.6
133019     50 40.3 125 28.3
133020  20 50 40.1 125 29.0
133030  30 50 43.2 125 25.4
133031     50 43.2 125 24.7
133032  32 50 43.2 125 24.2
133033     50 43.1 125 23.8
133034  34 50 42.9 125 24.2
133035     50 42.9 125 24.7
133036  36 50 42.9 125 25.4
134000   0 50 40.2 124 55.7
134001     50 40.7 124 55.2
134002   2 50 41.1 124 54.7
134003     50 41.6 124 54.9
134004   4 50 42.2 124 54.9
134005     50 42.7 124 54.5
134006   6 50 43.1 124 53.9
134007     50 43.5 124 53.2
134008   8 50 44.0 124 53.5
134009     50 44.3 124 54.2
134010  10 50 44.7 124 54.8
134011     50 45.0 124 55.7
134012  12 50 45.2 124 56.5
134013     50 45.6 124 57.0
134014  14 50 46.2 124 57.0
134015     50 46.7 124 56.8
134016  16 50 47.1 124 56.9
134017     50 47.3 124 57.8
134018  18 50 47.7 124 58.5
134019     50 48.1 124 58.8
134020  20 50 48.7 124 58.7
134021     50 49.2 124 58.3
134022  22 50 49.6 124 57.6
134023     50 50.0 124 57.1
134024  24 50 50.1 124 56.2
134025     50 50.1 124 55.3
134026  26 50 50.4 124 54.6
134027     50 50.8 124 54.1
134028  28 50 51.3 124 53.7
134029     50 51.8 124 53.9
134030  30 50 52.3 124 53.6
134031     50 52.8 124 53.1
134032  32 50 53.3 124 52.5
134033     50 53.6 124 51.9
134034  34 50 54.0 124 51.2
134035     50 54.6 124 51.0
134036  36 50 55.2 124 51.1
134037     50 55.7 124 51.4
134038  38 50 56.0 124 51.4
134039     50 56.1 124 50.9
134040  40 50 56.1 124 50.3
134041     50 56.0 124 49.7
134042  42 50 55.7 124 49.0
134043     50 55.2 124 48.5
134044  44 50 54.9 124 47.8
134045     50 54.3 124 47.5
134046  46 50 53.8 124 47.1
134047     50 53.3 124 47.4
134048  48 50 53.3 124 48.2
134049     50 52.9 124 48.8
134050  50 50 52.5 124 49.5
134051     50 52.3 124 50.2
134052  52 50 51.7 124 50.5
134053     50 51.2 124 50.5
134054  54 50 50.6 124 50.7
134055     50 50.1 124 51.2
134056  56 50 49.7 124 51.6
134057     50 49.3 124 52.1
134058  58 50 48.9 124 52.8
134059     50 48.7 124 53.6
134060  60 50 48.3 124 54.4
134061     50 47.9 124 54.8
134062  62 50 47.4 124 54.6
134063     50 46.9 124 54.3
134064  64 50 46.4 124 53.8
134065     50 46.1 124 53.2
134066  66 50 46.0 124 52.4
134067     50 45.7 124 51.7
134068  68 50 45.1 124 51.5
134069     50 44.8 124 50.8
134070  70 50 44.4 124 50.3
134071     50 43.9 124 49.8
134072  72 50 43.3 124 50.0
134073     50 42.7 124 49.9
134074  74 50 42.2 124 50.4
134075     50 41.8 124 50.9
134076  76 50 41.5 124 51.6
134077     50 40.8 124 51.4
134078  78 50 40.2 124 51.2
134079     50 39.8 124 51.3
134080  80 50 39.3 124 51.7
134081     50 38.7 124 51.6
134082  82 50 38.2 124 51.8
134083     50 37.8 124 52.4
134084  84 50 37.1 124 52.0
134085     50 36.5 124 52.0
134086  86 50 36.0 124 52.5
134087     50 35.9 124 51.6
134088  88 50 35.5 124 51.9
134089     50 35.0 124 52.2
134090  90 50 34.4 124 52.4
135001   1 50  0.9 124 59.5
135002   2 50  1.4 124 59.8
135003     50  1.9 124 59.7
135004   4 50  2.4 124 59.7
135005     50  3.0 124 59.8
135031     50  7.2 125  3.4
135032  32 50  7.0 125  4.0
135033     50  6.7 125  3.8
135034  34 50  6.5 125  3.3
135035     50  6.7 125  2.7
135036  36 50  6.4 125  3.0
135037     50  6.0 125  3.0
135039  39 50  4.3 125  4.3
135040  40 50  3.8 125  4.2
135041     50  3.4 125  3.7
135042  42 50  3.0 125  3.2
135043     50  3.3 125  2.4
135044  44 50  3.6 125  1.8
135045     50  4.1 125  1.8
135046  46 50  8.4 125 12.4
135047     50  8.3 125 12.8
135048  48 50  8.2 125 13.1
135049     50  7.8 125 12.7
135050  50 50  7.5 125 13.0
135051     50  7.7 125 13.7
135052  52 50  7.7 125 14.2
135053     50  7.4 125 14.0
135054  54 50  7.2 125 13.7
135055     50  7.0 125 13.3
135056  56 50  6.6 125 13.1
135057     50  6.2 125 13.0
135058  58 50  6.2 125 12.3
135059     50  5.8 125 12.0
135060  60 50  5.4 125 11.5
135061     50  5.6 125 11.0
135062  62 50  6.1 125 11.3
135063     50  6.5 125 11.8
135064  64 50  6.1 125 11.2
135065     50  5.7 125 10.9
135066  66 50  5.2 125 10.7
135067     50  4.6 125 10.5
135068  68 50  4.1 125 10.4
135069     50  3.6 125 10.4
135070  70 50  3.0 125 10.2
135071     50  2.5 125 10.0
135072  72 50  2.0 125  9.8
135073     50  1.5 125  9.5
135074  74 50  1.0 125  9.0
135075     50  0.6 125  8.9
135076  76 50  0.2 125  9.4
135077     49 59.8 125 10.1
135078  78 49 59.7 125 10.9
135079     49 59.9 125 11.7
135080  80 50  0.4 125 11.7
135081     50  0.9 125 11.7
135082  82 50  1.4 125 11.8
135083     50  1.8 125 12.3
135084  84 50  2.1 125 13.0
135085     50  2.5 125 13.1
135086  86 50  2.8 125 13.0
135090  90 50  8.4 125 20.2
135091  91 50  8.1 125 20.6
135092  92 50  8.5 125 21.0
136000   0 49 13.2 125  4.0
136001   1 50  9.4 124 57.1
136002   2 50  9.1 124 56.9
136003     50  8.9 124 57.1
136004   4 50  8.7 124 56.6
136005     50  8.4 124 56.7
136006   6 50  8.5 124 57.2
136007     50  8.8 124 57.2
136008   8 50  9.3 124 57.7
136009     50  9.8 124 58.0
136010  10 50  9.3 124 57.6
136011     50  9.6 124 57.4
136012  12 50 10.2 124 57.7
136013     50 10.5 124 58.3
136014  14 50 10.9 124 58.8
136015     50 10.5 124 59.0
136016  16 50 10.1 124 59.5
136017     50  9.7 125  0.0
136018  18 50  9.3 124 59.9
136019     50  9.3 125  0.3
136020  20 50  9.5 125  0.7
136021     50  9.1 125  0.5
136022  22 50  8.7 125  0.2
136023     50  8.3 124 59.9
136024  24 50  8.1 125  0.2
136025     50  8.5 125  0.8
136026  26 50  8.8 125  1.5
136027     50  8.3 125  2.0
136028  28 50  7.9 125  2.5
136029     50  7.8 125  2.7
136030  30 50  7.7 125  3.4
136050  50 50 10.3 125  4.9
136051     50 10.9 125  4.8
136052  52 50 11.3 125  5.3
136053     50 11.8 125  5.3
136054  54 50 12.1 125  5.6
136055     50 12.3 125  5.5
136056  56 50 12.0 125  4.9
136057     50 12.5 125  5.1
136058  58 50 12.8 125  4.8
136059     50 13.1 125  4.6
136061     50 13.1 125  4.2
136062  62 50 12.6 125  4.3
136063     50 12.1 125  4.4
136064  64 50 11.5 125  4.0
136065     50 11.8 125  3.7
141000   0 49 50.0 125  3.3  ! original (duplicate = 142000 to 142014)
141001     49 49.4 125  2.5
141002   2 49 48.9 125  1.5
141003     49 48.1 125  0.7
141004   4 49 47.5 124 59.8
141005     49 46.8 124 58.9
141006   6 49 46.2 124 58.2
141007     49 45.7 124 57.2
141008   8 49 45.0 124 56.3
141009     49 44.4 124 55.4
141010  10 49 44.4 124 54.6
141011     49 43.8 124 53.7
141012  12 49 43.2 124 53.0
141013     49 42.5 124 52.3
141014  14 49 42.0 124 51.5
141020  20 49 55.5 125 10.9
141021     49 54.9 125 10.9
141022  22 49 54.4 125 10.2
141023     49 53.9 125  9.3
141024  24 49 53.9 125  8.8
141025     49 53.6 125  7.8
141026  26 49 53.3 125  7.2
141027     49 52.7 125  6.8
141028  28 49 52.1 125  6.8
142000   0 49 50.0 125  3.3  ! duplicate of 141000 to 141014
142001     49 49.4 125  2.5
142002   2 49 48.9 125  1.5
142003     49 48.1 125  0.7
142004   4 49 47.5 124 59.8
142005     49 46.8 124 58.9
142006   6 49 46.2 124 58.2
142007     49 45.7 124 57.2
142008   8 49 45.0 124 56.3
142009     49 44.4 124 55.4
142010  10 49 44.4 124 54.6
142011     49 43.8 124 53.7
142012  12 49 43.2 124 53.0
142013     49 42.5 124 52.3
142014  14 49 42.0 124 51.5
142015     49 41.5 124 52.1
142016  16 49 41.0 124 52.7
142017     49 40.4 124 53.2
142018  18 49 40.0 124 53.9
142019     49 39.7 124 54.7
142020  20 49 39.7 124 55.4
142021     49 39.8 124 54.4
142022  22 49 40.2 124 55.1
142023     49 40.4 124 55.8
142024  24 49 40.0 124 56.6
142025     49 39.6 124 57.3
142026  26 49 39.2 124 56.9
142027     49 38.8 124 56.3
142028  28 49 38.7 124 55.6
142029     49 38.4 124 55.2
142030  30 49 37.9 124 54.8
142031     49 37.3 124 54.3
142032  32 49 36.7 124 54.0
142033     49 36.2 124 53.4
142034  34 49 35.6 124 53.1
142035     49 35.2 124 52.8
142036  36 49 34.9 124 52.9
142037     49 34.3 124 52.6
142038  38 49 33.7 124 52.2
142039     49 33.1 124 52.0
142040  40 49 32.5 124 51.5
142041     49 32.0 124 51.1
142042  42 49 31.4 124 50.6
142043     49 31.3 124 49.7
142044  44 49 30.8 124 49.9
142045     49 30.3 124 49.4
142046  46 49 29.9 124 48.9
142047     49 29.9 124 48.4
142048  48 49 30.2 124 48.0
142049     49 29.8 124 47.4
142050  50 49 29.6 124 47.8
142051     49 29.0 124 47.7
142052  52 49 28.5 124 47.3
142053     49 27.9 124 47.4
142054  54 49 27.9 124 46.8
142055     49 28.0 124 46.0
142056  56 49 27.6 124 45.3
142058  58 49 27.2 124 44.8
142059     49 27.4 124 44.3
142060  60 49 27.7 124 43.6
142061     49 27.9 124 43.8
142062  62 49 28.0 124 43.2
142074  74 49 38.4 124 51.8
142075     49 37.9 124 51.1
142076  76 49 37.4 124 50.5
142077     49 36.8 124 49.9
142078  78 49 36.3 124 49.6
142079     49 35.6 124 49.2
142080  80 49 35.2 124 48.6
142081     49 34.8 124 47.7
142082  82 49 34.5 124 46.9
142083     49 34.0 124 46.3
142084  84 49 33.4 124 45.8
142085     49 32.8 124 45.5
142086  86 49 32.2 124 45.2
142087     49 31.6 124 44.9
142088  88 49 31.1 124 44.5
142089     49 30.6 124 43.9
142090  90 49 30.1 124 43.5
142091     49 29.8 124 42.7
142092  92 49 29.4 124 41.8
142093     49 29.0 124 41.3
142094  94 49 28.5 124 41.0
142095     49 28.7 124 42.0
142096  96 49 28.9 124 42.9
142097  97 49 28.9 124 43.8
142098  98 49 29.5 124 39.8
142099     49 29.8 124 40.4
142100 100 49 30.2 124 41.1
142101     49 30.6 124 41.9
142102 102 49 31.0 124 42.2
142103     49 31.6 124 42.3
142104 104 49 32.1 124 42.6
142105     49 32.7 124 42.1
142106 106 49 33.0 124 41.3
142107     49 33.1 124 40.4
142108 108 49 32.8 124 39.7
142109     49 32.5 124 38.9
142110 110 49 32.3 124 38.2
142111     49 32.2 124 37.3
142112 112 49 31.8 124 36.6
142113     49 31.7 124 36.1
142114 114 49 31.4 124 35.4
142115     49 31.0 124 35.0
142116 116 49 31.0 124 36.0
142117     49 31.2 124 36.9
142118 118 49 31.6 124 37.6
142119     49 31.4 124 38.2
142120 120 49 31.0 124 38.3
142121     49 30.6 124 37.8
142122 122 49 30.1 124 37.9
142123     49 29.9 124 38.5
142124 124 49 29.6 124 39.3
142126 126 49 29.2 124 45.0
142127     49 29.7 124 45.5
142128 128 49 30.2 124 46.0
142129     49 30.6 124 46.7
142130 130 49 31.1 124 47.3
142131     49 31.5 124 48.2
142132 132 49 32.0 124 48.9
142133     49 32.4 124 49.7
142134 134 49 33.0 124 50.3
142135     49 33.5 124 50.4
142136 136 49 34.0 124 50.5
142137     49 34.5 124 50.4
142138 138 49 35.1 124 50.3
142139     49 35.4 124 50.0
142140 140 49 36.0 124 49.7
142141     49 36.5 124 50.6
142142 142 49 37.1 124 51.2
143051     49 27.6 124 43.0
143052  52 49 27.3 124 42.2
143053     49 27.0 124 41.3
143054  54 49 26.7 124 40.6
143055     49 26.2 124 40.0
143056  56 49 25.7 124 39.4
143057     49 25.4 124 38.5
143058  58 49 24.9 124 38.1
143059     49 24.4 124 37.7
143060  60 49 24.2 124 36.9
143061     49 23.9 124 36.4
143062  62 49 23.5 124 35.7
143063     49 23.1 124 34.9
143064  64 49 22.8 124 34.1
143065     49 22.7 124 33.2
143066  66 49 22.5 124 32.3
143067     49 22.4 124 31.4
143068  68 49 22.1 124 30.7
143069     49 21.8 124 29.7
143070  70 49 22.0 124 29.4
143071     49 21.9 124 29.3
143072  72 49 21.9 124 28.6
143073     49 21.5 124 27.9
143074  74 49 21.2 124 27.1
143075     49 21.4 124 26.2
143076  76 49 21.6 124 25.2
143077     49 21.5 124 24.3
143078  78 49 21.3 124 23.4
143079     49 21.2 124 22.4
143080  80 49 21.1 124 21.6
143081     49 20.7 124 21.4
143082  82 49 20.5 124 20.6
143083     49 20.1 124 19.8
143084  84 49 19.6 124 19.3
143085     49 19.4 124 18.6
143086  86 49 19.7 124 17.8
143087     49 19.9 124 16.9
143088  88 49 19.6 124 16.1
143089     49 19.1 124 15.7
143090  90 49 18.5 124 15.4
143091     49 18.2 124 14.6
143092  92 49 18.6 124 14.4
143093     49 18.4 124 13.8
143094  94 49 18.0 124 13.1
143095     49 17.9 124 12.5
143096  96 49 17.6 124 12.0
143097     49 18.1 124 11.9
143098  98 49 18.5 124 12.4
143099     49 18.8 124 12.4
143100 100 49 18.4 124 11.0
143101     49 18.4 124 11.8
151058  58 50  8.1 124 53.9
151059     50  8.1 124 54.2
151060  60 50  7.6 124 54.5
151061     50  8.0 124 54.9
151062  62 50  8.3 124 54.9
151063     50  8.6 124 55.2
151064  64 50  8.2 124 55.5
151065     50  8.1 124 55.8
151066  66 50  8.0 124 55.7
151067     50  7.7 124 55.2
151068  68 50  7.2 124 55.0
151069     50  7.0 124 54.3
151070  70 50  6.4 124 54.2
151071     50  5.8 124 54.2
151072  72 50  5.3 124 53.9
151073     50  4.9 124 53.3
151074  74 50  4.4 124 53.0
151075     50  4.0 124 53.1
151076  76 50  3.6 124 52.9
152000   0 50  1.8 124 45.1
152001     50  2.1 124 45.8
152002   2 50  2.4 124 46.3
152003     50  2.6 124 46.9
152004   4 50  3.0 124 47.3
152005     50  3.4 124 47.8
152006   6 50  3.6 124 48.2
152007     50  3.8 124 48.7
152008   8 50  3.8 124 49.4
152009     50  3.9 124 50.2
152010  10 50  3.6 124 50.4
152011     50  3.2 124 50.2
152012  12 50  2.8 124 49.9
152013     50  2.5 124 49.6
152014  14 50  2.2 124 49.1
152015     50  1.9 124 49.2
152016  16 50  1.5 124 48.8
152017     50  1.1 124 48.9
152018  18 50  0.8 124 48.9
152019     50  0.4 124 49.0
152020  20 50  0.1 124 48.6
152021     50  0.2 124 48.2
152022  22 50  0.4 124 47.9
152023  23 50  0.2 124 47.4
152024  24 49 59.8 124 47.1
152025     49 59.5 124 46.7
152026  26 49 59.1 124 46.3
152028  28 49 59.0 124 46.0
152029     49 58.7 124 45.7
152030  30 49 58.5 124 45.5
152031     49 58.1 124 45.4
152032  32 49 57.7 124 44.9
152033     49 57.6 124 44.1
152034  34 49 57.2 124 43.5
152035     49 56.8 124 43.1
152036  36 49 56.5 124 42.6
152037     49 56.3 124 42.0
152038  38 49 56.1 124 41.4
152039     49 55.9 124 40.8
152040  40 49 55.7 124 40.0
152041     49 55.3 124 39.6
152042  42 49 54.8 124 39.5
152043     49 55.2 124 39.0
152044  44 49 55.0 124 38.3
152045     49 54.6 124 37.7
152046  46 49 54.4 124 37.5
152047     49 54.2 124 37.2
152048  48 49 53.7 124 36.9
152049     49 53.7 124 36.1
152050  50 49 53.4 124 35.5
152051     49 53.0 124 34.9
152052  52 49 52.7 124 34.3
152053     49 52.5 124 33.6
152054  54 49 52.4 124 33.3
152055  55 50  0.5 124 42.2
152077     50  3.8 124 53.2
152078  78 50  3.7 124 53.6
152079  79 50  3.5 124 54.2
152080  80 50  3.9 124 54.2
152081     50  3.8 124 54.6
152082  82 50  3.9 124 55.3
152083     50  4.0 124 55.9
152084  84 50  3.7 124 56.0
152085     50  3.7 124 55.4
152086  86 50  3.5 124 55.7
152087     50  3.2 124 55.8
152088  88 50  3.1 124 56.5
152090  90 50  3.2 124 57.1
152091     50  2.7 124 57.3
152092  92 50  2.3 124 58.0
152093     50  1.9 124 58.6
152094  94 50  1.3 124 58.7
152095  95 50  0.7 124 59.1
152099  99 50  0.1 124 56.6
152100 100 49 59.9 124 55.9
152101     49 59.6 124 55.2
152102 102 49 59.7 124 54.5
152103     49 59.7 124 54.2
152104 104 49 59.4 124 53.8
152105     49 59.2 124 53.2
152106 106 49 58.8 124 53.7
152107     49 58.3 124 54.0
152108 108 49 57.8 124 54.3
152109     49 57.8 124 55.0
152110 110 49 58.2 124 55.5
152111     49 58.5 124 55.9
152112 112 49 58.8 124 56.5
152113     49 59.3 124 56.6
152114 114 49 59.8 124 56.7
152116 116 49 56.9 124 51.5
152117     49 56.5 124 51.0
152118 118 49 56.4 124 50.2
152119     49 56.5 124 49.4
152120 120 49 56.7 124 48.6
152121     49 56.6 124 47.9
152122 122 49 56.5 124 47.1
152123     49 56.8 124 46.4
152124 124 49 57.0 124 45.7
152125     49 56.7 124 46.1
152126 126 49 56.3 124 46.6
152127     49 56.2 124 47.4
152128 128 49 56.2 124 48.2
152129     49 56.1 124 48.9
152130 130 49 56.2 124 49.6
152131     49 56.1 124 50.4
152132 132 49 56.0 124 51.2
152133 133 49 56.4 124 51.9
152134 134 49 53.0 124 38.9
152135     49 52.6 124 38.4
152136 136 49 52.2 124 38.0
152137     49 51.7 124 37.6
152138 138 49 51.2 124 38.0
152139     49 50.9 124 38.6
152140 140 49 50.5 124 39.2
152141     49 50.4 124 39.9
152142 142 49 50.6 124 40.0
152143     49 51.2 124 40.1
152144 144 49 51.7 124 40.1
152145     49 52.2 124 39.7
152146 146 49 52.7 124 39.2
152147 147 49 52.2 124 33.1
152148 148 49 51.7 124 32.8
152149     49 51.3 124 32.1
152150 150 49 50.9 124 31.7
152151     49 50.3 124 31.6
152152 152 49 49.8 124 31.4
152153     49 49.2 124 31.4
152154 154 49 48.7 124 31.4
152155     49 48.2 124 31.1
152156 156 49 48.1 124 30.3
152157     49 47.8 124 29.6
152158 158 49 47.8 124 28.8
152159     49 47.7 124 28.0
152160 160 49 47.5 124 27.7
152161     49 47.3 124 27.4
152162 162 49 46.8 124 27.0
152163     49 46.5 124 26.3
152164 164 49 46.2 124 25.6
152165     49 46.0 124 24.7
152166 166 49 45.9 124 23.9
152167     49 46.3 124 23.2
152168 168 49 46.3 124 22.4
152169     49 46.4 124 22.2
152170 170 49 46.5 124 21.7
152171     49 46.6 124 21.0
152172 172 49 46.3 124 20.8
152173     49 46.3 124 20.4
152174 174 49 46.2 124 19.7
152175     49 45.8 124 19.0
152176 176 49 45.4 124 18.5
152177     49 45.7 124 18.0
152178 178 49 45.4 124 17.5
152179     49 45.0 124 17.2
152180 180 49 44.9 124 16.8
152181     49 44.9 124 16.5
152182 182 49 44.5 124 16.2
152183 183 49 54.6 124 43.1
152184 184 49 54.4 124 43.7
162037  37 49 44.7 124 15.9
162038  38 49 45.2 124 15.6
162039     49 45.6 124 15.8
162040  40 49 45.7 124 16.2
162041     49 46.1 124 16.5
162042  42 49 46.5 124 16.6
162043     49 46.5 124 15.8
162044  44 49 46.7 124 15.0
162045     49 46.7 124 14.0
162046  46 49 46.9 124 10.6
162047  47 49 48.2 124  4.9
162048  48 49 48.6 124  5.5
162049     49 49.1 124  6.0
162050  50 49 49.5 124  5.5
162051     49 50.0 124  5.4
162052  52 49 50.5 124  5.1
162053     49 50.3 124  4.6
162054  54 49 50.1 124  4.1
162055     49 50.2 124  3.4
162056  56 49 50.1 124  3.1
162057     49 50.1 124  2.3
162058  58 49 50.5 124  2.8
162060  60 49 51.5 124  3.1
162062  62 49 51.9 124  4.5
162063     49 51.6 124  3.7
162065  65 49 46.7 124  3.0
162066  66 49 46.5 124  3.4
162067     49 46.5 124  3.9
162068  68 49 46.5 124  4.6
162069     49 46.4 124  5.4
162070  70 49 46.0 124  5.8
162071     49 45.6 124  5.4
162072  72 49 45.1 124  5.1
162073     49 44.9 124  5.7
162074  74 49 45.1 124  6.5
162075     49 45.4 124  6.9
162076  76 49 45.7 124  7.3
162077     49 45.6 124  8.1
162078  78 49 45.4 124  8.8
162079     49 45.0 124  9.1
162080  80 49 44.5 124  9.2
162081     49 44.2 124  9.6
162082  82 49 43.7 124  9.8
162083  83 49 43.4 124 10.1
162084     49 43.1 124 10.6
162085  85 49 43.3 124 11.0
162086  86 49 43.1 124 11.5
162088  88 49 42.8 124 11.6
162089     49 42.5 124 12.1
162090  90 49 42.1 124 12.2
162091     49 42.0 124 11.5
162092  92 49 42.3 124 10.9
162093     49 42.6 124 10.3
162094  94 49 42.8 124 10.1
162095     49 42.3 124 10.1
162096  96 49 42.1 124 10.8
162097     49 41.9 124 11.5
162098  98 49 41.5 124 12.0
162099     49 41.2 124 11.9
162100     49 40.9 124 11.7
162101     49 41.1 124 11.1
162102 102 49 40.9 124 11.8
162103 103 49 40.4 124 12.3
162122 122 49 39.4 124  5.1
162123     49 40.0 124  5.0
162124 124 49 40.4 124  5.2
162125     49 40.9 124  4.9
162126 126 49 41.4 124  4.8
162127     49 42.0 124  4.8
162128 128 49 42.0 124  4.7
162129     49 42.5 124  4.8
162130 130 49 42.3 124  4.3
163104 104 49 40.3 124 11.8
163105     49 40.3 124 11.0
163106 106 49 40.2 124 10.2
163107     49 39.7 124  9.8
163108 108 49 39.7 124  9.1
163109     49 39.6 124  8.6
163110 110 49 39.8 124  8.0
163112 112 49 39.9 124  7.6
163113     49 39.8 124  7.6
163114 114 49 39.6 124  7.1
163115     49 39.5 124  7.7
163116 116 49 39.2 124  7.7
163117     49 39.2 124  7.3
163118 118 49 39.3 124  6.8
163119     49 39.1 124  6.2
163120 120 49 38.9 124  5.8
163121     49 38.9 124  5.3
163133 133 49 38.4 124  4.2
163134 134 49 38.3 124  3.8
163135     49 37.9 124  3.5
163136 136 49 37.9 124  2.9
163137     49 38.0 124  2.4
163138 138 49 38.0 124  1.9
163139     49 37.8 124  1.9
163140     49 37.8 124  1.5
163141 141 49 37.8 124  1.1
163142 142 49 37.6 124  0.8
163143     49 37.5 124  1.3
163144 144 49 37.2 124  1.6
163145     49 36.9 124  1.8
163146     49 37.0 124  2.1
163147     49 37.1 124  2.1
163148 148 49 36.9 124  2.7
163149     49 37.3 124  2.5
163150     49 37.4 124  2.2
163151     49 37.6 124  2.1
163152 152 49 37.6 124  2.9
163153     49 37.4 124  3.6
163154 154 49 37.1 124  3.7
163155     49 36.9 124  3.8
163156 156 49 36.7 124  3.5
163157     49 36.3 124  3.6
163158 158 49 36.3 124  3.0
163160 160 49 36.2 124  2.8
163161     49 36.7 124  2.4
163162 162 49 36.5 124  2.0
163164 164 49 36.4 124  1.8
163165 165 49 36.1 124  1.8
163167 167 49 36.3 124  1.4
163170 170 49 33.5 124  0.1
163171     49 33.2 123 59.7
163172 172 49 32.9 123 59.3
163173     49 32.6 123 58.9
163174 174 49 32.3 123 58.6
163175     49 32.2 123 58.0
163176 176 49 32.0 123 57.6
163178 178 49 31.9 123 57.4
163179     49 31.7 123 57.0
163180 180 49 31.4 123 56.5
163181     49 31.5 123 56.9
163182 182 49 31.8 123 57.5
163183     49 31.4 123 57.6
163184 184 49 31.0 123 57.6
163185     49 30.8 123 58.0
163186 186 49 30.5 123 57.6
163187 187 49 30.2 123 56.9
163190 190 49 30.5 123 58.8
163191     49 30.0 123 58.8
163192 192 49 29.5 123 58.6
163193     49 29.5 123 59.1
163194 194 49 29.3 123 58.9
163195     49 28.8 123 58.6
163196 196 49 28.4 123 58.5
164031  31 50 11.1 123 58.2
164032  32 50 11.6 123 58.7
164033  33 50 12.0 123 58.7
164034  34 50 12.5 123 59.3
164035  35 50 12.7 123 59.0
164037  37 50  8.4 123 48.5
164038  38 50  7.9 123 47.9
164039     50  7.4 123 47.7
164040  40 50  7.0 123 47.4
164041     50  6.8 123 46.8
164042  42 50  6.5 123 46.2
164043     50  6.1 123 45.7
164044  44 50  5.9 123 45.0
164045     50  5.6 123 44.5
164046  46 50  5.2 123 44.5
164047     50  5.0 123 45.3
164048  48 50  4.6 123 45.9
164049     50  4.3 123 46.5
164050  50 50  4.0 123 47.1
164051     50  3.6 123 47.4
164052  52 50  3.2 123 46.9
164053  53 49 55.3 123 53.0
164054  54 49 55.4 123 52.2
164055     49 55.2 123 52.0
164056  56 49 54.8 123 52.1
164057     49 54.5 123 52.9
164058  58 49 54.0 123 52.8
165188 188 49 46.3 123 56.3
165189     49 45.9 123 56.1
165190 190 49 45.6 123 55.5
165191     49 45.3 123 54.8
165192 192 49 45.1 123 54.0
165193 193 49 44.7 123 53.4
165194 194 49 40.6 123 49.2
165195     49 40.3 123 49.5
165196 196 49 39.8 123 49.1
165197     49 39.3 123 49.1
165198 198 49 39.7 123 49.4
165199     49 39.9 123 49.8
165200 200 49 39.6 123 50.4
165201 201 49 38.0 123 47.7
165202 202 49 33.5 123 46.4
165203     49 33.2 123 45.9
165204 204 49 32.8 123 45.8
165205     49 32.5 123 45.7
165206 206 49 32.0 123 45.8
165207     49 31.6 123 46.1
165208 208 49 31.3 123 46.7
165209     49 30.9 123 46.2
165210 210 49 30.7 123 45.7
165211     49 30.6 123 45.2
165212 212 49 30.2 123 45.0
165213     49 29.9 123 44.7
165214 214 49 29.4 123 44.9
165215     49 29.0 123 45.1
165216 216 49 29.0 123 45.4
165217     49 29.3 123 45.9
165218 218 49 29.7 123 45.9
165219     49 30.1 123 46.4
165220 220 49 30.5 123 46.9
165221     49 30.6 123 47.7
165222 222 49 31.0 123 47.6
165223     49 31.4 123 47.9
165224 224 49 31.8 123 47.6
165225     49 32.1 123 47.6
165226 226 49 32.4 123 47.8
165227     49 32.8 123 47.5
165228 228 49 33.1 123 47.9
165230 230 49 44.8 123 54.5
165231     49 44.9 123 55.3
165232 232 49 45.1 123 55.8
165233 233 49 45.4 123 56.4
165234 234 49 45.7 123 57.2
172000   0 49 18.7 124 10.8
172001     49 18.3 124 10.4
172002   2 49 17.9 124 10.0
172003     49 17.6 124  9.5
172004   4 49 17.6 124  8.9
172005     49 17.4 124  8.2
172006   6 49 17.1 124  8.0
172007     49 16.8 124  7.5
172008   8 49 16.5 124  6.9
172010  10 49 16.3 124  6.5
172011     49 16.1 124  7.0
172012  12 49 15.9 124  7.7
172013     49 15.9 124  8.5
172014  14 49 16.1 124  9.2
172015     49 16.3 124 10.0
172016  16 49 16.2 124 10.6
172017     49 16.1 124 11.4
172018  18 49 15.8 124 11.4
172019     49 15.6 124 11.0
172020  20 49 15.3 124 10.3
172021     49 15.2 124  9.5
172022  22 49 15.2 124  8.7
172023     49 15.1 124  7.9
172024  24 49 15.2 124  7.2
172025     49 15.3 124  6.4
172026  26 49 15.2 124  5.6
172027     49 15.4 124  4.8
172028  28 49 15.1 124  4.1
172029     49 15.0 124  3.4
172030  30 49 14.9 124  2.6
172031     49 14.9 124  1.8
172032  32 49 14.6 124  1.2
172033     49 14.4 124  0.5
172034  34 49 14.3 123 59.7
172035     49 14.3 123 59.0
172036  36 49 14.2 123 58.2
172037     49 14.1 123 57.7
172038  38 49 13.8 123 57.6
172039     49 13.7 123 57.1
172040  40 49 13.7 123 56.8
172041     49 13.2 123 56.6
172042  42 49 12.7 123 56.4
172043     49 12.6 123 57.2
172044  44 49 12.5 123 57.9
172045     49 12.0 123 58.0
172046  46 49 11.7 123 57.4
172047     49 11.6 123 56.9
172048  48 49 11.1 123 56.7
172049     49 10.7 123 56.5
172050  50 49 10.4 123 56.7
172051     49 10.3 123 56.2
172052  52 49 10.0 123 55.7
172055  55 49  9.6 123 53.5
172056  56 49  9.8 123 53.4
172060  60 49 10.4 123 55.0
172061     49 10.5 123 54.8
172062  62 49 10.8 123 54.8
172063     49 11.0 123 55.2
172064  64 49 10.7 123 55.5
172065     49 10.5 123 55.1
172066  66 49 10.9 123 55.6
172067     49 11.3 123 55.3
172068  68 49 11.6 123 55.5
172069     49 12.0 123 55.5
172070  70 49 12.1 123 56.1
172071     49 12.1 123 56.7
172072  72 49 11.7 123 56.7
172080  80 49 10.8 123 51.5
172081     49 11.1 123 51.8
172082  82 49 11.5 123 52.1
172083     49 11.6 123 51.7
172084  84 49 11.7 123 51.6
172085     49 11.8 123 50.7
172086  86 49 11.9 123 50.0
172087  87 49 11.9 123 48.9
172090  90 49 16.3 124  4.6
173000   0 49  8.2 123 42.7
173001   1 49  8.0 123 43.0
173002   2 49  7.8 123 43.4
173003   3 49  7.7 123 44.2
173004   4 49  7.8 123 45.0
173005   5 49  7.9 123 45.8
173006   6 49  8.1 123 46.6
173007   7 49  8.4 123 47.3
173008   8 49  8.2 123 47.4
173009     49  7.9 123 46.7
173010  10 49  7.6 123 46.0
173011     49  7.1 123 45.6
173012  12 49  6.7 123 45.1
173013     49  6.4 123 44.5
173014  14 49  6.0 123 43.9
173015     49  6.0 123 43.6
173016  16 49  5.6 123 43.1
173017  17 49  5.4 123 43.2
173018     49  5.0 123 42.6
173019  19 49  4.8 123 41.9
173020  20 49  4.3 123 41.7
173021  21 49  4.6 123 42.3
173022  22 49  4.9 123 42.7
173023     49  5.3 123 43.2
173024  24 49  5.5 123 43.9
173025     49  5.8 123 44.5
173026  26 49  6.3 123 45.1
173027     49  6.7 123 45.5
173028  28 49  7.2 123 46.0
173029     49  7.5 123 46.6
173030  30 49  7.8 123 47.3
173031     49  7.9 123 48.1
173032  32 49  8.1 123 48.9
173033     49  7.7 123 48.5
173034  34 49  7.2 123 48.2
173035     49  6.7 123 48.2
173036  36 49  6.2 123 48.1
173037     49  5.8 123 48.1
173038  38 49  5.5 123 48.1
173040  40 49  5.5 123 48.0
173041     49  5.4 123 47.6
173042  42 49  5.1 123 47.3
173043     49  4.6 123 47.0
173044  44 49  4.3 123 46.6
173045     49  3.9 123 46.3
173046  46 49  3.6 123 46.1
173047     49  3.3 123 45.6
173048  48 49  2.9 123 45.4
173049     49  2.6 123 44.9
173050  50 49  2.3 123 45.0
173051     49  2.0 123 45.5
173052  52 49  1.8 123 45.9
173053     49  1.8 123 46.5
173054  54 49  1.7 123 47.3
173055     49  1.3 123 47.3
173056  56 49  1.1 123 47.1
173057     49  1.1 123 46.5
173058  58 49  0.7 123 45.9
173059     49  0.2 123 45.5
173060  60 48 59.7 123 45.4
173061     48 59.3 123 45.3
173062  62 48 59.3 123 45.6
173063     48 59.2 123 46.3
173064  64 48 58.9 123 46.2
173065     48 59.4 123 46.6
173066  66 48 59.5 123 47.0
173067     48 59.6 123 47.6
173068  68 48 59.8 123 47.3
173069     48 59.7 123 47.5
173070  70 49  0.1 123 48.1
173071     49  0.0 123 48.3
173072  72 49  0.2 123 48.6
173073     49  0.5 123 48.6
173074  74 49  0.6 123 49.1
173075     49  0.9 123 49.7
173076  76 49  1.3 123 50.4
173077     49  1.5 123 51.0
173078  78 49  1.6 123 51.2
173079     49  1.3 123 51.4
173080  80 49  1.2 123 51.0
173081     49  0.9 123 50.7
173082  82 49  0.7 123 50.0
173083     49  0.3 123 49.4
173084  84 49  0.0 123 49.0
173085     48 59.7 123 48.6
173086  86 48 59.4 123 48.4
173087     48 58.9 123 48.2
173088  88 48 58.5 123 47.7
173089     48 58.3 123 47.0
173090  90 48 57.9 123 46.4
173091     48 57.8 123 45.9
173092  92 48 57.6 123 45.4
173093     49  1.2 123 41.2
173094  94 49  0.9 123 41.0
173095  95 49  0.4 123 40.7
173096  96 49  0.7 123 40.9
173097     49  0.9 123 41.4
173098  98 49  0.9 123 41.8
173099     49  1.2 123 42.4
173100 100 49  0.7 123 42.2
173101     49  0.2 123 42.0
173102 102 48 59.6 123 41.7
173103     48 59.1 123 41.4
173104 104 48 58.6 123 41.4
173105     48 58.2 123 41.4
173106 106 48 58.6 123 41.2
173107     48 58.4 123 40.3
173108 108 48 58.3 123 40.0
173109     48 58.8 123 40.2
173110 110 48 59.1 123 40.1
173111     48 58.5 123 39.8
173112 112 48 58.1 123 39.3
173113     48 57.6 123 39.4
173114 114 48 57.2 123 39.4
173115     48 56.7 123 38.9
173116 116 48 56.5 123 38.2
173117     48 56.2 123 38.0
173118 118 48 56.5 123 37.6
173119     48 57.1 123 37.7
173120 120 48 57.6 123 37.7
173121     48 58.2 123 37.8
173122 122 48 58.7 123 38.2
173123     48 59.0 123 38.3
173124 124 48 58.9 123 39.0
173125     48 58.9 123 40.7
173126 126 48 59.2 123 39.5
173127     48 59.4 123 38.8
173128 128 48 59.8 123 39.2
173129     49  0.3 123 39.6
173130 130 49  0.6 123 40.2
173131 131 49  1.1 123 40.6
173133 133 49  5.0 123 40.5
173134 134 49  4.6 123 40.0
173135     49  4.3 123 39.3
173136 136 49  3.8 123 39.2
173137     49  3.2 123 39.2
173138 138 49  2.8 123 38.7
173139     49  2.5 123 38.2
173140 140 49  2.2 123 37.6
173141     49  1.8 123 37.1
173142 142 49  1.3 123 36.6
173143 143 49  0.9 123 36.1
173150     49  9.4 123 41.4
173150 150 49  9.4 123 41.4
173151 151 49  9.4 123 40.8
173151     49  9.4 123 40.7
173152 152 49  9.2 123 41.3
173153 153 49  8.9 123 41.3
173156 156 49  7.2 123 47.7
173157     49  6.8 123 47.6
173160 160 49  8.3 123 41.0
173161     49  8.1 123 40.7
173162 162 49  7.6 123 40.8
173163     49  8.1 123 41.0
173164 164 49  8.2 123 41.4
173165     49  8.5 123 41.4
173166 166 49  8.8 123 41.6
173167     49  9.0 123 41.8
173168 168 49  8.9 123 40.5
173169     49  8.7 123 40.4
173170 170 49  8.6 123 40.7
173172 172 49  7.7 123 42.1
173173     49  7.4 123 41.7
173174 174 49  7.1 123 41.3
173175     49  6.9 123 40.7
173176 176 49  6.5 123 40.2
173177     49  6.1 123 40.0
173178 178 49  5.7 123 40.1
173180 180 48 51.7 123 37.4
173181     48 51.3 123 36.8
173182 182 48 51.0 123 36.0
173184 184 48 57.2 123 45.0
173185     48 56.8 123 44.6
173186 186 48 56.3 123 44.1
173187     48 55.9 123 43.4
173188 188 48 55.4 123 42.8
173189     48 55.1 123 42.3
173190 190 48 55.5 123 42.3
173191     48 55.7 123 42.2
173192 192 48 55.2 123 42.0
173193 193 48 54.7 123 41.9
173194 194 48 55.9 123 37.9
173195 195 48 55.4 123 37.7
181003   3 48 47.4 123 35.9
181004   4 48 47.7 123 36.1
181005   5 48 48.1 123 36.2
181061  61 48 44.0 123 25.6
181062  62 48 44.4 123 25.7
181063     48 44.9 123 26.1
181064  64 48 45.3 123 26.6
181065     48 45.7 123 27.1
181066  66 48 46.1 123 27.5
181067     48 46.3 123 27.2
181068  68 48 46.1 123 26.7
181069     48 45.8 123 26.3
181070  70 48 45.4 123 25.9
181071  71 48 45.4 123 25.1
181073  73 48 48.6 123 25.4
181074  74 48 48.9 123 26.0
181075     48 49.2 123 26.6
181076  76 48 49.6 123 27.1
181077     48 49.9 123 27.8
181078  78 48 50.3 123 28.2
181079     48 50.6 123 28.8
181080  80 48 50.5 123 28.7
181081  81 48 50.8 123 29.4
181082  82 48 51.1 123 29.9
181083  83 48 51.4 123 30.0
181084  84 48 51.5 123 29.6
181085  85 48 51.2 123 28.9
181086  86 48 50.9 123 28.3
181087     48 50.5 123 27.7
181088  88 48 50.2 123 27.1
181089  89 48 50.7 123 27.3
181090  90 48 50.8 123 28.0
181091     48 51.1 123 28.7
181092  92 48 51.4 123 29.0
181093  93 48 51.5 123 29.1
181094  94 48 51.3 123 28.5
181095  95 48 51.0 123 27.9
181096  96 48 50.8 123 27.2
181097  97 48 50.7 123 26.5
181098  98 48 51.1 123 26.7
181099     48 50.8 123 26.1
181100 100 48 50.5 123 25.5
181101 101 48 50.8 123 25.9
181102     48 51.1 123 26.5
181103 103 48 51.4 123 27.1
181104 104 48 51.6 123 27.9
181105 105 48 51.8 123 27.7
181106 106 48 51.7 123 27.1
181107 107 48 51.4 123 26.4
181108 108 48 51.1 123 25.9
181109 109 48 50.7 123 25.3
181111 111 48 51.0 123 24.2
181112 112 48 50.6 123 23.8
181113     48 50.5 123 23.9
181114 114 48 50.5 123 24.3
181115     48 50.2 123 23.9
181116 116 48 50.0 123 23.7
181117     48 50.0 123 24.0
181118 118 48 49.7 123 23.5
181119 119 48 49.5 123 22.8
181120     48 49.5 123 23.1
181121     48 49.7 123 23.7
181122     48 49.4 123 23.4
181123     48 49.3 123 23.3
181124 124 48 49.6 123 23.9
181125     48 49.6 123 23.5
181127 127 48 49.0 123 22.8
181128     48 48.7 123 22.2
181129 129 48 48.8 123 22.0
181130 130 48 49.1 123 22.5
181131     48 49.3 123 22.4
181132     48 49.2 123 21.8
181133 133 48 49.2 123 21.6
181134 134 48 49.6 123 21.8
181135 135 48 49.4 123 21.2
181136 136 48 49.8 123 21.3
181140 140 48 43.6 123 30.7
181142 142 48 42.9 123 29.8
181143     48 43.2 123 30.3
181143     48 42.8 123 29.1
181144 144 48 43.0 123 28.4
181145     48 43.2 123 27.8
181146 146 48 43.5 123 27.3
181147     48 43.6 123 26.7
181148 148 48 43.8 123 26.2
181150 150 48 46.0 123 35.8
181160 160 48 44.1 123 20.0
181170 170 48 41.3 123 24.1
181171     48 41.4 123 24.8
181172 172 48 41.6 123 25.4
181173     48 41.9 123 26.0
181174 174 48 42.0 123 26.8
181175     48 41.9 123 27.5
181176 176 48 41.8 123 28.2
181177 177 48 41.6 123 29.0
182000   0 48 51.3 123 14.7
182001   1 48 51.5 123 15.4
182002   2 48 51.7 123 16.1
182003   3 48 51.4 123 15.8
182004   4 48 51.1 123 15.1
182005   5 48 50.8 123 14.4
182006   6 48 50.6 123 14.2
182007   7 48 49.2 123 12.9
182008   8 48 49.3 123 12.3
182009   9 48 49.0 123 12.3
182010  10 48 48.9 123 11.7
182011  11 48 48.7 123 11.1
182012  12 48 48.5 123 11.8
182013  13 48 48.9 123 12.4
182014  14 48 48.5 123 12.0
182015  15 48 48.2 123 11.5
182016  16 48 47.9 123 10.8
182017     48 47.7 123 10.4
182018  18 48 47.8 123 11.2
182019  19 48 47.9 123 12.0
182020  20 48 47.5 123 11.8
182021     48 47.7 123 11.9
182022  22 48 47.7 123 12.6
182024  24 48 46.3 123 14.4
182025     48 46.3 123 15.1
182026  26 48 46.5 123 15.7
182027     48 46.7 123 16.2
182028  28 48 46.5 123 16.4
182029     48 46.2 123 16.0
182030  30 48 46.0 123 15.5
182031  31 48 46.1 123 15.1
182032  32 48 45.9 123 14.4
182033  33 48 44.9 123 14.5
182034  34 48 45.1 123 15.3
182035  35 48 45.5 123 15.8
182036  36 48 45.8 123 15.6
182037     48 45.6 123 15.2
182038  38 48 45.3 123 14.6
182039  39 48 45.2 123 13.7
182040  40 48 44.7 123 13.7
191041  41 48 41.4 123 28.9
191042  42 48 41.1 123 28.4
191043     48 40.8 123 28.7
191044  44 48 40.6 123 29.2
191045     48 40.3 123 28.7
191046  46 48 40.0 123 28.3
191047     48 40.0 123 27.7
191048  48 48 39.8 123 27.1
191049     48 39.3 123 26.7
191050  50 48 39.2 123 26.8
191051     48 38.9 123 27.6
191052  52 48 38.6 123 28.2
191053     48 38.2 123 28.6
191054  54 48 37.6 123 28.7
191055     48 37.8 123 28.1
191056  56 48 37.5 123 28.0
191057     48 37.0 123 28.4
191058  58 48 36.5 123 28.8
191059     48 36.0 123 28.6
191060  60 48 35.8 123 28.5
191061  61 48 34.2 123 28.5
191062  62 48 33.7 123 28.5
191063  63 48 33.5 123 27.8
191064  64 48 34.2 123 27.8
191065  65 48 30.0 123 32.8
191066  66 48 29.6 123 33.0
191067  67 48 30.1 123 33.1
192000   0 48 38.3 123 20.4
192001     48 37.8 123 20.3
192002   2 48 37.4 123 19.7
192003     48 37.1 123 19.1
192004   4 48 36.6 123 18.6
192005     48 36.1 123 18.4
192006   6 48 35.7 123 17.8
192007     48 35.2 123 17.5
192008   8 48 35.6 123 16.8
192009     48 35.5 123 16.1
192010  10 48 35.5 123 21.0
192011     48 35.6 123 20.3
192012  12 48 36.1 123 19.9
192013     48 36.4 123 20.6
192014  14 48 36.5 123 20.9
192015     48 37.0 123 21.3
192016  16 48 37.0 123 22.2
192017  17 48 40.6 123 25.4
192018     48 40.5 123 25.1
192019  19 48 40.1 123 24.7
193018  18 48 27.4 123 25.4
193019     48 27.6 123 25.7
193020  20 48 27.8 123 25.2
193021     48 27.7 123 24.7
193022  22 48 27.5 123 24.7
193023     48 27.4 123 25.2
193024  24 48 24.3 123 20.8
193025  25 48 24.4 123 21.5
193026  26 48 24.5 123 22.4
193027  27 48 24.9 123 22.7
193028  28 48 25.1 123 23.1
193029  29 48 25.4 123 23.0
193030  30 48 25.6 123 23.5
193031     48 25.2 123 24.0
193032  32 48 25.2 123 24.5
193033     48 25.4 123 24.9
193034  34 48 25.6 123 25.6
193035     48 25.8 123 26.0
193036  36 48 25.9 123 26.1
193037     48 25.9 123 25.5
193038  38 48 26.1 123 25.5
193039     48 26.3 123 25.8
193040  40 48 26.5 123 25.8
193041     48 26.9 123 25.9
193042  42 48 27.1 123 26.3
193043     48 27.5 123 26.9
193044  44 48 27.2 123 27.2
193045     48 26.9 123 26.9
193046  46 48 26.4 123 26.9
193047     48 25.9 123 27.2
193048  48 48 25.8 123 28.0
193049     48 25.5 123 28.3
193050  50 48 25.1 123 28.2
193051     48 25.7 123 27.5
193052  52 48 25.6 123 27.4
193053     48 25.1 123 28.0
193054  54 48 24.5 123 28.7
193055  55 48 23.7 123 29.1
202001   1 48 19.6 123 35.7
202002   2 48 20.0 123 35.4
202003   3 48 20.5 123 35.2
202004   4 48 20.4 123 35.8
202005   5 48 20.1 123 36.3
202055  55 48 22.5 123 41.4
202056     48 22.4 123 40.9
202057  57 48 22.1 123 40.4
202058     48 21.8 123 39.7
202059  59 48 22.1 123 39.3
202060     48 21.7 123 39.3
202061  61 48 21.7 123 39.3
202062     48 22.0 123 38.8
202063  63 48 21.9 123 38.3
202064     48 22.0 123 38.9
202065  65 48 22.3 123 37.9
231103 103 48 58.8 125  2.3
231104 104 48 58.9 125  2.1
231105     48 59.0 125  1.8
231106 106 48 56.8 125  0.4
231107     48 56.7 125  1.0
231108 108 48 56.3 125  1.2
231109     48 56.3 125  1.3
231110 110 48 56.0 125  1.8
231111     48 55.6 125  1.9
231112 112 48 55.7 125  1.5
231113     48 55.3 125  2.1
231114 114 48 55.4 125  1.9
231115     48 55.7 125  1.2
231116 116 48 55.3 125  1.2
231117     48 55.2 125  0.7
231118 118 48 54.9 125  0.2
231119     48 54.5 125  0.5
231120 120 48 54.0 125  0.4
231121     48 53.7 125  1.1
231122 122 48 53.7 125  1.2
231123 123 48 53.5 125  1.7
231124 124 48 53.4 125  1.5
231125     48 53.0 125  2.0
231126 126 48 53.0 125  2.8
231127     48 52.6 125  3.0
231128 128 48 52.8 125  3.0
231129     48 53.0 125  3.5
231130 130 48 53.1 125  4.2
231131     48 52.8 125  4.4
231132 132 48 52.6 125  5.2
231133     48 52.4 125  5.5
231134 134 48 51.9 125  6.0
231135     48 51.5 125  6.2
231136 136 48 51.7 125  5.9
231137 137 48 51.4 125  6.4
231139 139 48 51.0 125  6.6
231140     48 51.0 125  7.1
231141 141 48 51.1 125  7.2
231142     48 51.0 125  7.4
231143 143 48 50.6 125  7.8
231144     48 50.2 125  7.8
231145 145 48 49.8 125  7.2
231146     48 50.2 125  6.8
231147 147 48 50.0 125  6.9
231148     48 49.7 125  7.1
231149 149 48 49.9 125  7.6
231150     48 50.2 125  8.1
231151 151 48 49.6 125  8.1
231152     48 49.2 125  8.2
231153 153 48 48.9 125  8.8
231154     48 48.7 125  9.4
231155 155 48 48.9 125  9.7
231156     48 49.1 125  9.1
231157 157 48 49.3 125  8.8
231158     48 49.1 125  8.8
231159 159 48 49.3 125  8.3
231160     48 49.9 125  8.3
231161 161 48 50.4 125  8.3
232000   0 48 55.9 125 14.3
232001   1 48 55.5 125 13.9
232002   2 48 55.3 125 13.7
232003   3 48 55.6 125 14.2
232004   4 48 55.5 125 14.9
232005   5 48 55.7 125 14.8
232006   6 48 55.9 125 15.5
232007   7 48 55.9 125 16.1
232008   8 48 56.3 125 16.0
232009   9 48 56.5 125 16.3
232010  10 48 56.2 125 15.6
232011  11 48 56.2 125 15.0
232012  12 48 56.7 125 14.4
232013     48 57.1 125 15.4
232014  14 48 57.2 125 14.8
232015     48 57.5 125 15.3
232016  16 48 57.6 125 16.0
232017     48 57.7 125 16.2
232018  18 48 58.0 125 16.8
232019     48 57.6 125 16.2
232020  20 48 57.8 125 16.7
232021     48 57.6 125 17.0
232022  22 48 57.8 125 17.7
232023     48 56.9 125 18.7
232024  24 48 57.0 125 19.4
232025     48 57.2 125 18.9
232026  26 48 57.1 125 18.7
232028  28 48 57.9 125 17.3
232029     48 58.0 125 17.5
232030  30 48 58.0 125 18.3
232031     48 58.2 125 19.0
232032  32 48 58.4 125 18.6
232033     48 58.6 125 18.0
232034  34 48 58.5 125 17.2
232035     48 58.8 125 17.6
232036  36 48 59.3 125 17.5
232037     48 59.8 125 17.6
232038  38 49 00.3 125 17.4
232039     49 00.3 125 17.5
232040  40 49 00.0 125 18.0
232041     49  0.1 125 18.8
232042  42 49  0.4 125 18.9
232043     49  0.7 125 19.2
232044  44 49  1.7 125 18.2
232045     49  1.8 125 18.6
232046  46 49  1.8 125 18.8
232047     49  1.5 125 18.9
232048  48 49  1.9 125 19.3
232049     49  2.0 125 19.3
232050  50 49  2.0 125 19.9
232051     49  2.2 125 20.4
232052  52 49  2.3 125 21.1
232053     49  1.9 125 21.5
232054  54 49  1.4 125 21.6
232055     49  0.9 125 21.6
232056  56 49  0.6 125 21.6
232057     49  0.2 125 22.0
232058  58 48 59.8 125 22.1
232059     48 59.5 125 22.9
232060  60 48 59.1 125 23.5
232061     48 59.3 125 21.6
232062  62 48 59.4 125 21.4
232063     48 59.8 125 20.8
232064  64 49  0.2 125 20.4
232065     48 59.8 125 19.9
232066  66 48 59.5 125 20.2
232067     48 59.7 125 20.8
232068  68 48 59.5 125 20.5
232069     48 59.1 125 20.5
232070  70 48 59.0 125 20.7
232071     48 59.0 125 21.2
232072  72 48 59.4 125 21.1
232074  74 48 58.2 125 22.0
232075     48 58.5 125 21.4
232076  76 48 58.2 125 21.9
232077  77 48 57.3 125 21.8
232078  78 48 59.0 125 22.4
232079     48 58.6 125 22.7
232080  80 48 57.9 125 23.0
232081     48 58.1 125 23.2
232082  82 48 57.1 125 24.3
232083  83 48 57.0 125 24.7
232085  85 48 59.1 125 23.6
232086  86 48 58.6 125 23.6
232087     48 58.2 125 24.3
232088  88 48 57.9 125 25.0
232089     48 57.6 125 25.8
232090  90 48 57.2 125 26.3
232091     48 56.8 125 26.7
232092  92 48 56.6 125 27.4
232093     48 56.2 125 27.7
232094  94 48 55.6 125 28.1
232095     48 55.4 125 28.6
232096  96 48 55.2 125 29.2
232097     48 55.5 125 29.9
232098  98 48 55.4 125 30.0
232099     48 55.5 125 30.6
232100 100 48 55.7 125 31.0
232101     48 56.0 125 31.0
232102 102 48 56.3 125 31.7
232103     48 56.7 125 32.2
232104 104 48 57.0 125 32.6
232105     48 57.4 125 33.3
232106 106 48 57.8 125 33.7
232107     48 58.3 125 34.2
232108 108 48 58.7 125 34.5
232109     48 58.3 125 35.0
232110 110 48 58.0 125 35.3
232111     48 57.7 125 34.9
232112 112 48 57.4 125 34.1
232113     48 57.1 125 34.1
232114 114 48 56.9 125 34.1
232115     48 56.9 125 33.7
232116 116 48 57.0 125 33.2
232117     48 56.8 125 32.9
232118 118 48 56.5 125 32.4
232119     48 56.0 125 31.8
232120 120 48 55.8 125 31.8
232121     48 55.9 125 32.1
232122 122 48 55.6 125 31.8
232123     48 55.4 125 31.6
232124 124 48 55.2 125 32.3
232125     48 55.6 125 32.5
232126 126 48 56.0 125 32.4
232128     48 53.1 125 22.7
232129 129 48 52.9 125 22.9
232130 130 48 53.1 125 22.9
232131     48 53.5 125 22.7
232132 132 48 53.4 125 22.4
232133     48 53.3 125 22.7
232134 134 48 53.7 125 22.5
232135     48 54.3 125 22.1
232136 136 48 54.5 125 22.0
232137     48 54.5 125 21.3
232138 138 48 54.3 125 20.6
232139     48 54.1 125 19.8
232140 140 48 53.7 125 19.6
232141     48 53.6 125 20.3
232142 142 48 53.9 125 20.2
232143     48 54.1 125 20.6
232144 144 48 54.3 125 21.1
232145     48 54.9 125 19.8
232146 146 48 54.8 125 20.6
232147     48 55.1 125 20.6
232148 148 48 55.0 125 19.8
232149     48 55.3 125 20.5
232150 150 48 55.6 125 20.1
232151     48 55.4 125 19.5
232152 152 48 55.2 125 19.5
232153     48 54.8 125 19.0
232154 154 48 54.9 125 19.0
232155     48 54.5 125 18.5
232156 156 48 54.3 125 19.3
232157     48 54.4 125 19.8
232158 158 48 56.1 125 18.5
232159     48 56.4 125 19.1
232160 160 48 56.4 125 19.4
232161     48 56.5 125 19.2
232162 162 48 56.3 125 18.5
232163     48 55.8 125 17.5
232164 164 48 55.5 125 16.8
232165     48 55.3 125 16.4
232166 166 48 55.5 125 16.2
232167     48 55.2 125 15.7
232168 168 48 55.0 125 16.3
232169     48 55.1 125 16.4
232170 170 48 55.0 125 17.0
232171     48 55.2 125 17.0
232172 172 48 55.3 125 17.2
232173     48 55.1 125 15.3
232174 174 48 55.0 125 14.5
232175     48 54.6 125 14.8
232176 176 48 54.6 125 15.4
232177     48 54.8 125 15.7
232178 178 48 54.7 125 17.2
232179     48 54.6 125 16.3
232180 180 48 54.3 125 15.9
232181     48 53.7 125 17.1
232182 182 48 54.2 125 17.9
232183     48 54.4 125 17.5
232184 184 48 52.9 125 18.5
232185     48 52.7 125 17.7
232186 186 48 52.2 125 17.3
232187     48 51.9 125 17.8
232188 188 48 51.8 125 18.4
232189     48 52.1 125 19.0
232190 190 48 52.5 125 18.6
232191     48 52.5 125 18.3
232192 192 48 52.7 125 21.1
232193     48 52.6 125 20.3
232194 194 48 52.4 125 20.7
232195     49  1.6 125 20.3
232196 196 49  1.3 125 19.8
233000   0 48 59.3 125  2.4
233001     48 59.1 125  1.7
233002   2 48 58.8 125  1.0
233003     48 59.0 125  0.6
233004   4 48 59.2 125  1.2
233005     48 59.3 125  1.9
233006   6 48 59.4 125  1.7
233007     48 59.6 125  1.7
233008   8 48 59.6 125  2.1
233009     48 59.4 125  2.5
233010  10 48 59.7 125  2.8
233011     48 59.7 125  3.1
233012  12 48 59.5 125  3.7
233013     48 59.2 125  4.1
233014  14 48 59.0 125  4.4
233015     48 58.6 125  5.0
233016  16 48 58.4 125  5.8
233017     48 58.4 125  6.4
233018  18 48 58.6 125  7.0
233019     48 58.8 125  7.5
233020  20 48 59.2 125  7.4
233021     48 59.6 125  7.8
233022  22 49 00.0 125  8.1
233023     49  0.1 125  8.7
233024  24 49  0.0 125  9.0
233025     49  0.3 125  8.6
233026  26 49  0.6 125  8.5
233027     49  0.5 125  9.0
233028  28 49  0.2 125  9.5
233029     48 59.9 125  9.3
233030  30 48 59.8 125  9.0
233031     48 59.5 125  9.5
233032  32 48 59.4 125  9.9
233033     48 59.4 125 10.5
233034  34 48 59.6 125 11.1
233035     49  0.1 125 10.7
233036  36 49  0.4 125 10.2
233037     49  0.8 125  9.6
233038  38 49  1.1 125  9.1
233070  70 48 58.8 125 10.9
233071     48 58.6 125 11.3
233072  72 48 58.4 125 11.6
233073     48 58.1 125 11.3
233074  74 48 57.8 125 11.4
233075     48 58.6 125 11.5
233076  76 48 57.3 125 11.5
233077     48 57.2 125 11.8
233078  78 48 57.4 125 11.9
233079     48 57.7 125 11.9
233080  80 48 58.0 125 11.7
233081     48 58.3 125 11.7
233082  82 48 58.1 125 11.8
233083     48 57.9 125 11.9
233084  84 48 57.6 125 12.3
233085     48 57.3 125 12.1
233086  86 48 57.1 125 11.8
233087     48 56.9 125 12.1
233088  88 48 57.1 125 12.1
233089     48 57.5 125 12.1
233090  90 48 57.1 125 12.3
233091     48 56.8 125 12.4
233092  92 48 56.6 125 12.8
233093     48 56.7 125 13.2
233094  94 48 57.0 125 13.4
233095     48 57.1 125 12.9
233096  96 48 57.4 125 12.6
233097     48 57.5 125 12.7
233098  98 48 57.5 125 12.9
233099  99 48 57.1 125 13.1
241230 230 49  8.4 125 40.6
241231     49  8.3 125 40.1
241232 232 49  8.5 125 39.8
241233     49  8.7 125 39.8
241234 234 49  8.7 125 40.3
241241 241 49 11.0 125 47.7
241242 242 49 11.4 125 47.7
241243     49 11.7 125 47.6
241244 244 49 11.9 125 47.7
241245     49 12.3 125 47.5
241246 246 49 12.7 125 47.8
241247     49 13.2 125 48.1
241248 248 49 13.5 125 47.9
241249     49 13.4 125 47.4
241250 250 49 13.0 125 47.2
241251     49 12.5 125 47.1
241252 252 49 12.0 125 46.9
241253     49 11.8 125 46.5
241254 254 49 11.8 125 45.9
241255 255 49 11.7 125 47.0
242000   0 49 23.7 126 27.9
242001     49 24.1 126 27.7
242002   2 49 24.6 126 28.0
242003     49 25.0 126 28.2
242004   4 49 25.1 126 29.0
242005     49 25.6 126 29.3
242006   6 49 26.1 126 28.9
242007     49 26.6 126 28.5
242008   8 49 26.6 126 27.9
242009     49 27.0 126 27.5
242010  10 49 27.4 126 27.1
242011     49 27.8 126 27.0
242012  12 49 28.3 126 26.5
242013     49 28.4 126 25.8
242014  14 49 28.4 126 24.9
242015     49 28.4 126 24.2
242016  16 49 28.2 126 24.4
242017     49 27.6 126 24.7
242018  18 49 27.3 126 25.2
242019     49 26.9 126 25.8
242020  20 49 26.5 126 25.1
242021     49 26.1 126 24.8
242022  22 49 25.6 126 24.0
242023     49 25.1 126 24.1
242024  24 49 24.6 126 24.1
242040  40 49 22.7 126 28.4
242041     49 23.0 126 28.1
242042  42 49 23.4 126 27.8
243005   5 49 25.6 126 18.2
243006   6 49 25.3 126 18.8
243007   7 49 25.3 126 18.1
243020  20 49 22.0 126 18.1
243021     49 21.7 126 17.7
243022  22 49 21.6 126 17.4
243023     49 21.3 126 17.1
243024  24 49 21.1 126 16.9
243025  25 49 21.0 126 16.4
243026     49 21.5 126 16.2
243027  27 49 22.0 126 16.2
243028     49 22.5 126 16.3
243029  29 49 22.6 126 15.9
243030     49 22.1 126 15.9
243031  31 49 22.0 126 15.7
243032     49 21.5 126 15.7
243033  33 49 21.1 126 15.5
243034     49 21.1 126 15.3
243035  35 49 21.5 126 15.2
243036     49 21.8 126 15.3
243037  37 49 22.2 126 15.3
243038     49 22.6 126 15.5
243039  39 49 23.0 126 15.4
243040     49 23.5 126 15.4
243041  41 49 23.9 126 15.6
243042     49 24.4 126 15.3
243043  43 49 24.5 126 15.1
243044     49 26.7 126 15.5
243045  45 49 26.3 126 15.1
243046     49 26.2 126 14.5
243047  47 49 26.8 126 14.5
243048     49 27.4 126 14.5
243049  49 49 27.0 126 14.1
243050     49 26.5 126 14.1
243051  51 49 26.6 126 13.6
243052     49 26.9 126 13.2
243053  53 49 26.7 126 12.7
243054     49 26.5 126 13.4
243055  55 49 26.1 126 13.6
243056     49 25.8 126 13.5
243057  57 49 25.7 126 12.9
243058     49 25.6 126 13.5
243059  59 49 25.4 126 14.1
243060  60 49 21.4 126 13.7
243061     49 21.7 126 13.6
243062  62 49 22.0 126 13.6
243063     49 22.0 126 14.0
243064  64 49 22.3 126 13.8
243065     49 22.5 126 13.4
243066  66 49 22.6 126 13.8
243067     49 23.1 126 13.8
243068  68 49 23.5 126 13.7
243069     49 23.4 126 13.4
243070  70 49 23.6 126 13.0
243071     49 23.5 126 12.4
243072  72 49 23.1 126 11.9
243073     49 22.7 126 11.5
243074  74 49 22.4 126 11.3
243075     49 22.6 126 10.8
243076  76 49 23.0 126 10.4
243077  77 49 23.0 126 11.0
243080  80 49 24.0 126  9.8
243081     49 23.9 126 10.4
243082  82 49 24.0 126 11.0
243083     49 24.0 126 11.7
243084  84 49 24.2 126 12.5
243085  85 49 24.2 126 13.2
243090  90 49 25.8 126  3.4
243091     49 25.9 126  4.3
243092  92 49 26.2 126  4.7
243093     49 25.9 126  5.4
243094  94 49 25.8 126  6.2
243095  95 49 25.8 126  7.0
244000   0 49 17.7 126  3.5
244001     49 17.2 126  3.3
244002   2 49 16.7 126  3.2
244003   3 49 16.1 126  2.8
244070  70 49 22.4 126  5.6
244071     49 22.3 126  5.0
244072  72 49 21.8 126  4.8
244073     49 21.4 126  4.9
244074  74 49 21.0 126  4.8
244075     49 20.5 126  4.8
244076  76 49 20.0 126  4.6
244077     49 19.6 126  4.4
244081  81 49 23.5 126  6.2
244082  82 49 23.1 126  5.9
244083  83 49 22.8 126  5.8
244084  84 49 22.4 126  3.5
244085  85 49 21.9 126  3.5
244086  86 49 20.3 126  2.9
244087     49 19.9 126  2.5
244088  88 49 19.8 126  2.2
244089     49 19.5 126  1.8
244090  90 49 19.2 126  1.2
244091  91 49 18.4 126  2.3
244092  92 49 18.6 126  2.0
244093     49 18.9 126  2.5
244094  94 49 19.2 126  3.0
244095     49 19.3 126  3.4
244096  96 49 18.8 126  3.2
244097  97 49 19.0 126  4.8
244098  98 49 18.6 126  4.7
244099     49 18.1 126  4.4
244100 100 49 17.7 126  4.4
244101     49 17.2 126  4.2
244102 102 49 16.6 126  4.3
244103     49 16.5 126  4.7
244104 104 49 16.1 126  4.2
244105     49 16.3 126  4.2
244106 106 49 16.5 126  3.9
244107     49 16.3 126  3.5
244108 108 49 16.6 126  3.7
244109     49 16.8 126  3.4
244110 110 49 17.0 126  4.1
244111     49 17.5 126  4.0
244112 112 49 18.0 126  4.1
244113 113 49 19.7 125 57.1
244114 114 49 19.3 125 56.8
244115     49 18.9 125 57.1
244116 116 49 18.5 125 57.2
244117     49 18.3 125 56.7
244118 118 49 18.1 125 57.3
244119     49 18.1 125 58.0
244120 120 49 18.2 125 58.4
244121     49 18.2 125 58.8
244122 122 49 18.1 125 59.0
244123     49 17.9 125 58.7
244124 124 49 18.0 125 58.1
244125     49 17.6 125 58.3
244126 126 49 17.8 125 58.5
244127     49 17.8 125 58.8
244128 128 49 18.0 125 59.5
244129     49 18.3 126  0.2
244130 130 49 18.2 126  1.0
244131     49 17.8 126  1.0
244132 132 49 17.6 126  0.4
244133     49 17.4 126  0.4
244134 134 49 17.2 126  0.3
244135     49 16.9 126  0.4
244136 136 49 16.9 126  0.9
244137     49 17.2 126  1.5
244138 138 49 16.8 126  1.7
244139 139 49 16.3 126  1.6  ! duplicate of 245139 to 245146
244140 140 49 15.8 126  1.3
244141     49 15.5 126  1.1
244142 142 49 15.1 126  0.7
244143     49 14.7 126  0.5
244144 144 49 14.5 126  0.3
244145     49 14.4 125 59.8
244146 146 49 14.2 125 59.2
245139 139 49 16.3 126  1.6  ! original (duplicate = 244139 to 244146)
245140 140 49 15.8 126  1.3
245141     49 15.5 126  1.1
245142 142 49 15.1 126  0.7
245143     49 14.7 126  0.5
245144 144 49 14.5 126  0.3
245145     49 14.4 125 59.8
245146 146 49 14.2 125 59.2
245147     49 13.9 125 58.8
245148 148 49 13.7 125 58.4
245149     49 13.9 125 57.8
245150 150 49 14.2 125 57.3
245151     49 14.5 125 56.9
245152 152 49 14.6 125 56.2
245153     49 14.8 125 56.5
245154 154 49 15.3 125 56.3
245155     49 15.5 125 55.7
245156 156 49 15.8 125 55.4
245157     49 15.9 125 55.0
245158 158 49 16.6 125 54.8
245159     49 16.7 125 54.1
245160 160 49 16.6 125 53.3
245161     49 16.8 125 53.1
245162 162 49 16.8 125 52.6
245163     49 16.5 125 52.0
245164 164 49 16.7 125 51.4
245165     49 16.6 125 50.6
245166 166 49 16.4 125 50.8
245167     49 16.2 125 51.6
245168 168 49 16.0 125 51.5
245169 169 49 15.7 125 51.4
245170 170 49 15.5 125 51.6
245171 171 49 14.6 125 54.2
245172 172 49 14.5 125 54.5
245174 174 49 14.5 125 55.1
245175 175 49 14.1 125 55.5
245176 176 49 14.2 125 53.8
245177 177 49 14.0 125 53.6
245178 178 49 13.5 125 53.8
245179     49 13.5 125 54.5
245180 180 49 13.4 125 55.3
245181     49 13.5 125 55.8
245182 182 49 13.0 125 55.7
245183     49 12.5 125 55.8
245184 184 49 11.9 125 55.3
245185     49 11.5 125 55.2
245186 186 49 11.0 125 55.0
245187     49 10.7 125 55.5
245188 188 49 10.4 125 54.8
245189     49 10.2 125 54.0
245190 190 49 10.2 125 53.7
245191     49 10.6 125 54.0
245192 192 49 10.6 125 53.5
245193 193 49 11.4 125 51.8
245194 194 49 11.1 125 52.2
245195 195 49 10.9 125 53.0
245196 196 49 10.4 125 53.2
245197 197 49 10.0 125 52.9
245198 198 49  9.5 125 52.6
245200 200 49  9.7 125 53.3
245201 201 49  9.8 125 54.0
245202 202 49  9.8 125 54.6
245203 203 49  9.4 125 55.2
245204 204 49  9.6 125 54.5
245205 205 49  9.7 125 53.9
245206 206 49  9.5 125 53.4
245207 207 49  9.3 125 55.9
245208 208 49  9.8 125 56.1
245209 209 49 10.1 125 55.3
245210 210 49  9.6 125 55.4
245211 211 49  9.2 125 55.6
245212 212 49  8.9 125 56.6
245213 213 49  8.5 125 55.9
245214 214 49  8.1 125 56.0
245215 215 49  7.5 125 56.0
245216 216 49 11.1 125 53.3
245217 217 49 11.6 125 53.3
245226 226 49 13.0 126  1.0
245227     49 12.9 126  0.2
245228 228 49 12.7 125 59.5
245229     49 12.6 125 58.7
245230 230 49 12.6 125 58.1
245231     49 12.6 125 57.6
245232 232 49 12.5 125 57.5
245233     49 12.4 125 57.1
245234 234 49 12.0 125 57.0
245235     49 11.7 125 56.7
245236 236 49 11.8 125 56.5
245237     49 12.4 125 56.7
245238 238 49 12.1 125 56.2
245239     49 11.7 125 56.2
245240 240 49 11.3 125 55.9
245241     49 11.1 125 56.2
245242 242 49 10.9 125 56.9
245243     49 10.5 125 57.5
245244 244 49 10.1 125 57.8
245245     49  9.6 125 57.7
245246 246 49  9.2 125 57.6
245250 250 49 15.8 126  3.2
245251     49 15.7 126  3.5
245252 252 49 15.6 126  4.1
245253     49 15.5 126  4.7
245254 254 49 15.1 126  5.0
245255     49 14.7 126  4.4
245256 256 49 15.0 126  5.1
245257 257 49 15.0 126  5.6
245258 258 49 15.3 126  3.3
245260 260 49 17.6 125 49.9
245261     49 17.9 125 49.2
245262 262 49 18.4 125 49.1
245263     49 18.9 125 48.8
245264 264 49 19.4 125 48.8
245265     49 19.9 125 48.5
245266 266 49 20.5 125 48.3
245267     49 20.9 125 47.7
245268 268 49 21.4 125 47.4
245269     49 21.7 125 46.7
245270 270 49 21.5 125 45.8
245271     49 21.1 125 46.9
245272 272 49 20.6 125 47.2
245273     49 20.2 125 48.0
245274 274 49 19.7 125 47.5
245275     49 19.2 125 47.5
245276 276 49 18.6 125 47.4
245277     49 18.1 125 47.8
245278 278 49 17.5 125 48.0
245279     49 16.9 125 48.3
245280 280 49 16.3 125 48.4
245281     49 15.7 125 48.5
245282 282 49 15.2 125 48.7
245283     49 14.6 125 48.5
245284 284 49 14.4 125 47.7
251020  20 49 57.1 126 51.0
251021     49 57.4 126 51.6
251022  22 49 57.9 126 51.5
251023     49 58.6 126 51.3
251024  24 49 58.7 126 50.8
251025     49 58.4 126 50.6
251026  26 49 57.8 126 50.7
251027     49 57.5 126 50.2
251028  28 49 57.3 126 49.3
251029     49 57.2 126 48.5
251030  30 49 56.7 126 48.0
251100 100 49 42.8 126 28.6
251101 101 49 42.3 126 28.1
251102 102 49 42.6 126 28.0
252000   0 49 40.3 126 52.9
252001     49 40.4 126 52.2
252002   2 49 39.9 126 52.0
252003     49 39.7 126 51.0
252004   4 49 39.3 126 50.3
252005     49 38.9 126 50.1
252006   6 49 38.5 126 49.7
252007     49 38.0 126 49.9
252008   8 49 37.5 126 49.7
252009     49 37.1 126 49.2
252010  10 49 37.0 126 48.5
252011     49 36.7 126 47.5
252012  12 49 36.4 126 46.7
252013     49 36.3 126 45.7
252014  14 49 36.5 126 44.5
252015  15 49 36.3 126 43.9
252016  16 49 35.6 126 37.3
252017     49 35.6 126 36.8
252018  18 49 35.9 126 36.9
252019     49 36.2 126 37.0
252020  20 49 36.4 126 36.9
252021     49 36.9 126 37.0
252022  22 49 37.2 126 37.1
252023     49 36.9 126 36.7
252024  24 49 36.7 126 36.5
252025     49 37.1 126 36.6
252026  26 49 37.3 126 37.0
252027     49 37.4 126 37.1
252028  28 49 37.9 126 37.2
252029     49 38.5 126 37.4
252030  30 49 38.8 126 37.4
252031     49 39.3 126 37.6
252032  32 49 39.7 126 37.3
252033     49 39.7 126 36.7
252034  34 49 39.9 126 36.6
252035     49 35.4 126 36.9
252036  36 49 40.9 126 37.1
252037     49 41.3 126 37.4
252038  38 49 41.5 126 38.0
252039     49 41.9 126 38.0
252040  40 49 42.3 126 38.4
252041     49 42.8 126 38.7
252042  42 49 43.4 126 39.0
252043     49 43.6 126 38.4
252044  44 49 43.9 126 38.4
252045     49 44.1 126 38.3
252046  46 49 44.3 126 38.5
252047     49 44.7 126 38.6
252048  48 49 44.8 126 38.0
252049     49 41.5 126 36.9
252050  50 49 41.2 126 36.7
252051  51 49 41.0 126 36.1
252052  52 49 40.8 126 35.7
252053  53 49 41.1 126 35.3
252054  54 49 41.7 126 35.1
252055  55 49 41.8 126 33.9
252056  56 49 41.7 126 33.4
252057  57 49 38.2 126 34.6
252058  58 49 38.5 126 34.8
252059     49 38.2 126 35.4
252060  60 49 38.1 126 35.0
252061  61 49 37.2 126 34.8
252062  62 49 37.8 126 34.8
252063  63 49 37.6 126 35.3
252064  64 49 37.2 126 35.0
252065  65 49 37.0 126 34.8
252066  66 49 37.3 126 34.5
252067  67 49 37.8 126 34.1
252068  68 49 37.4 126 33.8
252069  69 49 36.6 126 34.7
252070  70 49 36.7 126 34.1
252071  71 49 37.0 126 33.6
252072  72 49 37.3 126 33.6
252073  73 49 37.4 126 33.0
252074  74 49 37.5 126 32.3
252075  75 49 37.3 126 32.6
252076  76 49 37.9 126 34.0
252077     49 38.1 126 33.6
252078  78 49 38.0 126 33.2
252079     49 37.7 126 33.0
252080  80 49 38.0 126 32.4
252081     49 37.8 126 32.4
252082  82 49 37.6 126 32.2
252083     49 38.2 126 31.5
252084  84 49 38.6 126 31.1
252085     49 38.9 126 31.0
252086  86 49 39.0 126 31.0
252087     49 38.8 126 30.6
252088  88 49 38.6 126 30.9
252089     49 38.2 126 31.2
252090  90 49 37.8 126 31.4
252091     49 37.5 126 31.6
252092  92 49 37.1 126 32.0
252093     49 36.8 126 32.5
252094  94 49 36.4 126 32.8
252095     49 36.2 126 32.4
252096  96 49 36.3 126 31.8
252097  97 49 36.5 126 31.4
252098  98 49 38.7 126 28.1
252099     49 38.6 126 28.6
252100 100 49 38.1 126 28.7
252101     49 37.7 126 27.9
252102 102 49 37.4 126 29.1
252103     49 37.0 126 29.5
252104 104 49 36.5 126 29.8
252105     49 36.1 126 30.5
252106 106 49 35.8 126 30.8
252107     49 35.5 126 31.4
252108 108 49 35.4 126 32.2
252109     49 35.3 126 32.9
252110 110 49 34.9 126 33.5
252111 111 49 34.7 126 33.4
253000   0 49 50.7 127  2.8
253001   1 49 50.7 127  3.1
253002   2 49 50.5 127  3.9
253003   3 49 50.3 127  3.6
253004   4 49 49.7 127  3.2
253005   5 49 49.8 127  2.5
253006   6 49 50.2 127  2.0
253007   7 49 50.5 127  2.6
253008   8 49 51.2 127  2.1
253009     49 51.2 127  1.5
253010  10 49 51.2 127  1.2
253011     49 51.0 127  0.6
253012  12 49 50.9 127  0.1
253013     49 50.7 126 59.8
253014  14 49 51.2 126 59.7
253015     49 51.2 126 59.9
253016  16 49 51.8 126 59.9
253017     49 51.4 126 59.3
253018  18 49 51.2 126 58.9
253019     49 51.6 126 59.1
253020  20 49 51.9 126 59.5
253021  21 49 52.2 127  0.1
253022  22 49 53.1 127  0.5
253023     49 52.9 127  0.1
253024  24 49 52.9 127  0.4
253025     49 52.7 127  0.1
253026  26 49 52.5 126 59.4
253027     49 53.0 126 59.1
253028  28 49 53.0 126 59.0
253029     49 52.8 126 58.8
253030  30 49 52.5 126 58.8
253031     49 52.2 126 58.4
253032  32 49 51.9 126 58.8
253033     49 51.6 126 58.4
253034  34 49 51.4 126 57.8
253035  35 49 53.2 126 47.8
253036  36 49 52.9 126 47.9
253037     49 52.5 126 48.4
253038  38 49 52.6 126 48.2
253039     49 51.7 126 47.6
253040  40 49 51.8 126 48.2
253041     49 51.9 126 48.8
253042  42 49 52.0 126 49.6
253043     49 51.8 126 50.3
253044  44 49 51.5 126 51.0
253045     49 51.3 126 51.7
253046  46 49 51.1 126 52.3
253047     49 51.1 126 53.0
253048  48 49 50.8 126 53.4
253049     49 50.8 126 54.3
253050  50 49 50.7 126 54.0
253051     49 50.4 126 54.4
253052  52 49 50.3 126 54.2
253053     49 49.9 126 54.4
253054  54 49 49.9 126 54.9
253055     49 49.8 126 55.4
253056  56 49 50.0 126 55.3
253057     49 50.2 126 56.8
253058  58 49 50.3 126 57.4
253059     49 49.9 126 57.7
253060  60 49 49.5 126 57.4
253061     49 49.4 126 57.7
253062  62 49 49.4 126 58.2
253063     49 49.8 126 58.3
253064  64 49 49.6 126 58.4
253065     49 49.2 126 58.4
253066  66 49 49.4 126 58.7
253067     49 49.1 126 59.1
253068  68 49 49.9 126 58.8
253069     49 49.7 126 58.4
253070  70 49 49.1 126 58.2
253071     49 48.7 126 57.9
253072  72 49 48.8 126 57.6
253073     49 48.7 126 57.0
253074  74 49 48.6 126 57.2
253075     49 48.4 126 57.0
253076  76 49 48.5 126 57.7
253077     49 48.6 126 58.5
253078  78 49 48.7 126 59.1
253079     49 48.8 126 59.4
253080  80 49 48.7 126 59.8
253081     49 48.5 126 59.1
253082  82 49 48.3 126 58.0
253083     49 48.3 126 57.4
253084  84 49 48.2 126 57.4
253085     49 48.0 126 56.8
253086  86 49 47.9 126 57.0
253087     49 48.2 126 57.7
253088  88 49 48.2 126 58.4
253089     49 47.9 126 58.5
253090  90 49 47.8 126 58.3
253091     49 47.8 126 57.5
253092  92 49 47.6 126 58.1
253093     49 47.4 126 57.7
253094  94 49 47.6 126 57.4
253095     49 47.5 126 56.8
253096  96 49 47.5 126 56.5
253097     49 47.9 126 56.4
253098  98 49 48.4 126 56.6
253099     49 48.9 126 56.9
253100 100 49 48.7 126 56.3
253101     49 48.5 126 55.9
253102 102 49 48.0 126 55.5
253103     49 47.6 126 55.5
253104 104 49 47.3 126 54.9
253105     49 47.3 126 54.3
253106 106 49 46.8 126 53.8
253107     49 46.8 126 53.0
253108 108 49 46.8 126 52.4
253109     49 47.3 126 51.8
253110 110 49 47.5 126 51.6
253111     49 47.7 126 50.9
253112 112 49 48.0 126 50.2
253113     49 48.0 126 49.4
253114 114 49 47.8 126 49.3
253115     49 47.7 126 49.6
253116 116 49 47.5 126 49.7
253117     49 46.9 126 49.8
253118 118 49 46.6 126 49.7
253119     49 46.7 126 50.0
253120 120 49 47.1 126 50.4
253121     49 47.2 126 50.9
253122 122 49 46.9 126 51.3
253123     49 46.8 126 50.5
253124 124 49 46.7 126 50.7
253125     49 46.6 126 51.2
253126 126 49 46.5 126 51.0
253127     49 46.2 126 51.3
253128 128 49 45.8 126 51.7
253129     49 45.6 126 52.4
253130 130 49 45.6 126 53.0
253131     49 45.4 126 53.6
253132 132 49 45.6 126 54.2
253133     49 45.2 126 54.9
253134 134 49 44.8 126 55.4
253135     49 44.5 126 55.3
253136 136 49 44.9 126 56.2
253137     49 45.0 126 57.5
253138 138 49 45.0 126 58.2
253139 139 49 44.3 126 58.3
253147 147 49 52.3 126 56.0
253148 148 49 52.5 126 56.3
253149     49 52.8 126 56.3
253150 150 49 52.9 126 56.2
253160 160 49 52.2 126 53.0
253161     49 52.4 126 52.5
253162 162 49 52.2 126 52.9
253163 163 49 52.5 126 51.1
253180 180 49 52.2 127  0.3
253181     49 52.6 127  0.7
253182 182 49 53.0 127  1.1
253183     49 53.4 127  1.3
253184 184 49 53.9 127  1.5
253185     49 54.3 127  1.8
253186 186 49 54.8 127  2.0
253187     49 55.1 127  2.2
253188 188 49 55.5 127  2.4
253189     49 55.9 127  2.6
253190 190 49 56.3 127  2.9
253191     49 56.6 127  2.9
253192 192 49 56.4 127  2.5
253193     49 56.0 127  2.3
253194 194 49 55.5 127  2.0
253195     49 55.2 127  1.4
253196 196 49 54.7 127  1.2
253197     49 54.5 127  1.0
253198 198 49 54.0 127  1.0
253199 199 49 53.5 127  0.8
261080  80 50  5.4 127 16.6
261081  81 50  5.8 127 16.8
261082  82 50  6.2 127 16.4
261083  83 50  6.3 127 16.3
261084  84 50  6.3 127 15.6
261085  85 50  1.9 127  5.0
261086  86 50  1.6 127  4.7
261087  87 50  1.5 127  4.9
261088  88 50  1.5 127  5.6
261089  89 49 58.8 127 13.5
261090  90 49 58.5 127 13.9
261091  91 49 58.4 127 14.0
261092  92 49 58.1 127 14.5
261093  93 49 58.2 127 14.8
261094  94 49 58.0 127 15.1
261095  95 49 57.7 127 15.0
262030  30 50  0.7 127 20.7
262031  31 50  0.6 127 20.6
262042  42 50  2.5 127 25.7
262043  43 50  2.1 127 25.3
262044  44 50  1.8 127 25.2
262045     50  1.6 127 25.3
262046  46 50  1.5 127 24.7
262047     50  1.8 127 24.5
262048  48 50  2.1 127 25.0
262049     50  2.4 127 24.4
262050  50 50  2.4 127 23.9
262051     50  2.0 127 23.9
262052  52 50  1.6 127 23.5
262053     50  1.8 127 23.2
262054  54 50  1.6 127 22.9
262055     50  1.4 127 22.5
262056  56 50  1.6 127 22.1
262057     50  1.7 127 22.6
262058  58 50  1.8 127 22.1
262059     50  1.5 127 21.5
262060  60 50  1.3 127 21.1
262061  61 50  1.2 127 20.6
262063  63 50  1.2 127 21.4
262064  64 50  0.8 127 21.2
262065  65 50  1.0 127 21.0
262066  66 50  0.7 127 23.7
262067  67 50  0.6 127 23.1
262068  68 50  1.0 127 23.1
262069  69 50  0.2 127 25.5
262070  70 49 59.8 127 25.0
262071  71 50  0.6 127 19.5
262072  72 50  0.7 127 19.1
262073  73 50  0.5 127 18.8
262074  74 50  0.6 127 18.8
262075     50  0.9 127 18.7
262076  76 50  0.9 127 18.9
262077     50  1.3 127 19.3
262078  78 50  1.2 127 18.9
262079     50  1.6 127 18.8
262080  80 50  2.0 127 18.2
262090  90 50  0.0 127 19.1
262091     49 59.7 127 18.7
262092  92 49 59.4 127 18.4
262093     49 59.2 127 18.2
262094  94 49 59.4 127 18.1
262095     49 59.7 127 18.0
262096  96 49 59.6 127 17.9
262097  97 49 59.7 127 17.9
263000   0 50  9.5 127 39.3
263001   1 50  9.7 127 39.6
263002   2 50 11.0 127 37.4
263003   3 50 11.4 127 37.2
263004   4 50 10.7 127 28.0
263005     50 11.0 127 47.5
263006   6 50 11.2 127 26.7
263007     50 11.4 127 25.8
263008   8 50 11.0 127 25.9
263009   9 50 10.9 127 26.6
263010  10 50  6.0 127 32.8
263011  11 50  5.8 127 32.2
263012  12 50  5.8 127 32.6
263013     50  6.1 127 32.5
263014  14 50  6.2 127 32.3
263015     50  6.5 127 32.0
263016  16 50  6.4 127 31.6
263017  17 50  6.0 127 31.3
263018  18 50  6.2 127 30.9
263019     50  5.9 127 30.6
263020  20 50  5.9 127 30.3
263021     50  6.0 127 30.0
263022  22 50  6.5 127 30.1
263023     50  6.9 127 30.3
263024  24 50  6.4 127 29.7
263025     50  6.7 127 29.9
263026  26 50  6.9 127 29.8
263027     50  7.1 127 29.2
263028  28 50  7.5 127 28.6
263029     50  7.9 127 27.9
263030  30 50  8.0 127 27.2
263031     50  8.0 127 26.4
263032  32 50  7.8 127 25.5
263033     50  7.7 127 25.6
263034  34 50  7.5 127 26.2
263035     50  7.5 127 26.7
263036  36 50  7.4 127 27.6
263037     50  7.0 127 28.5
263038  38 50  6.6 127 28.9
263039     50  6.2 127 29.0
263040  40 50  5.9 127 28.8
263041     50  5.5 127 29.1
263042  42 50  5.4 127 28.7
263050  50 50  7.5 127 30.7
263051     50  7.8 127 30.5
263052  52 50  8.2 127 30.6
271040  40 50 31.1 127 41.6
271043  43 50 30.2 127 52.0
271044  44 50 30.3 127 51.5
272000   0 50 20.6 127 52.2
272001   1 50 20.3 127 52.2
272002   2 50 20.2 127 52.4
272003   3 50 20.0 127 52.9
272004   4 50 19.9 127 52.6
272005   5 50 19.9 127 52.3
272008   8 50 18.5 127 49.9
272009     50 18.8 127 49.3
272010  10 50 18.8 127 48.8
272011     50 19.2 127 48.7
272012  12 50 19.5 127 48.2
272013     50 19.6 127 47.5
272014  14 50 19.5 127 46.9
272015     50 19.3 127 46.4
272016  16 50 19.0 127 45.8
272017     50 18.8 127 45.3
272018  18 50 18.6 127 44.8
272019     50 18.3 127 44.2
272020  20 50 18.1 127 43.6
272021     50 17.8 127 43.1
272022  22 50 17.7 127 43.2
272023     50 18.0 127 43.7
272024  24 50 18.1 127 44.4
272025     50 18.2 127 44.9
272026  26 50 18.4 127 45.6
272027     50 18.6 127 46.1
272028  28 50 18.8 127 46.6
272029     50 19.0 127 46.9
272030  30 50 19.0 127 47.3
272031     50 19.1 127 48.0
272032  32 50 18.7 127 48.1
272033     50 18.3 127 48.2
272034  34 50 18.4 127 48.6
272035     50 18.6 127 48.7
272036  36 50 18.1 127 48.5
272037     50 17.9 127 48.7
272038  38 50 17.8 127 49.3
272039     50 17.6 127 49.9
272040  40 50 17.5 127 50.5
272041  41 50 17.5 127 51.2
272043  43 50 14.8 127 47.6
272044  44 50 14.7 127 46.9
272045     50 14.7 127 46.3
272046  46 50 14.9 127 45.5
272047     50 15.2 127 44.9
272048  48 50 15.0 127 44.6
272049     50 14.7 127 44.6
272050  50 50 14.8 127 44.1
272051     50 15.4 127 44.0
272052  52 50 15.5 127 43.6
272053     50 15.1 127 43.9
272054  54 50 14.7 127 43.9
272055     50 14.4 127 43.8
272056  56 50 14.4 127 44.5
272057     50 14.3 127 45.1
272058  58 50 14.2 127 45.7
272059     50 13.7 127 45.7
272060  60 50 13.5 127 45.9
272061     50 13.4 127 46.8
272062  62 50 13.2 127 47.4
272063     50 13.2 127 48.0
272065  65 50 14.2 127 46.8
272066  66 50 14.1 127 46.1
272067  67 50 13.8 127 46.3
272068  68 50 13.8 127 46.8
272069  69 50 14.0 127 46.9
273000   0 50 27.6 128  1.6
273001     50 28.1 128  2.0
273002   2 50 28.6 128  2.3
273003     50 29.0 128  2.2
273004   4 50 28.9 128  2.7
273005     50 28.6 128  2.6
273006   6 50 28.9 128  3.2
273007     50 29.4 128  3.7
273008   8 50 29.7 128  4.2
273009     50 30.2 128  4.8
273010  10 50 29.6 128  5.1
273011     50 29.4 128  5.1
273012  12 50 29.7 128  5.5
273013     50 30.2 128  5.5
273014  14 50 30.4 128  4.9
273015     50 30.1 128  4.5
273016  16 50 29.6 128  4.0
273017     50 29.4 128  3.1
273018  18 50 29.6 128  2.5
273019     50 30.2 128  2.3
273020  20 50 30.5 128  1.8
273021     50 30.8 128  1.7
273022  22 50 31.4 128  1.5
273023     50 31.6 128  0.8
273024  24 50 31.9 128  0.9
273025     50 32.2 128  0.6
273026  26 50 32.1 127 59.9
273027     50 32.4 127 59.7
273028  28 50 32.5 127 58.9
273029     50 32.4 127 58.3
273030  30 50 32.1 127 58.7
273031     50 32.1 127 59.3
273032  32 50 32.0 128  0.2
273033     50 32.0 127 59.5
273034  34 50 31.7 128  0.2
273035     50 31.4 128  0.5
273036  36 50 31.0 128  0.6
273037     50 30.6 128  1.1
273038  38 50 30.2 128  1.6
273039     50 29.6 128  1.4
273040  40 50 29.3 128  1.1
273041     50 28.9 128  0.7
273042  42 50 28.3 128  0.6
274045  45 50 35.6 127 34.6
274046  46 50 35.7 127 34.1
274047     50 36.0 127 34.4
274048  48 50 35.8 127 35.0
274049     50 35.6 127 35.8
274050  50 50 35.7 127 36.5
274051     50 35.7 127 37.4
274052  52 50 35.9 127 38.3
274053     50 36.0 127 39.0
274054  54 50 36.3 127 38.9
274055     50 36.4 127 39.6
274056  56 50 36.4 127 40.4
274057     50 36.5 127 41.3
274058  58 50 36.6 127 41.9
274059  59 50 36.2 127 42.5
274062  62 50 35.1 127 42.7
274063     50 35.2 127 43.5
274064  64 50 35.3 127 44.4
274065     50 35.5 127 45.2
274066  66 50 35.7 127 45.9
274067     50 35.8 127 46.8
274068  68 50 36.0 127 47.5
274069     50 36.0 127 48.6
274070  70 50 36.3 127 49.3
274071     50 36.7 127 50.5
274072  72 50 36.8 127 51.3
274073  73 50 36.8 127 52.1
280000   0 49 41.5 123 10.2
280001     49 41.3 123  9.8
280002   2 49 41.5 123  9.7
280003     49 41.1 123  9.7
280004   4 49 41.6 123  9.2
280005     49 41.8 123  9.0
280006   6 49 41.3 123  9.1
280007     49 41.1 123  9.2
280008   8 49 40.6 123  9.5
280009     49 40.2 123  9.9
280010  10 49 39.9 123 10.3
280011     49 39.5 123 11.0
280012  12 49 39.4 123 11.7
280013  13 49 24.8 123 29.5
280014  14 49 24.3 123 29.9
280015  15 49 23.9 123 30.2
280016  16 49 23.6 123 30.1
280017  17 49 23.3 123 30.8
280018  18 49 23.4 123 28.6
280019     49 23.1 123 29.2
280020  20 49 23.3 123 29.6
280021     49 23.6 123 29.1
280022  22 49 24.0 123 28.5
280023  23 49 24.4 123 28.2
280024  24 49 27.3 123 22.5
280025     49 27.6 123 22.0
280026  26 49 28.0 123 21.7
280027     49 28.5 123 21.5
280028  28 49 28.6 123 20.8
280029     49 28.3 123 20.9
280030  30 49 27.9 123 21.3
280031     49 27.4 123 21.5
280032  32 49 26.9 123 21.9
280033  33 49 21.8 123 16.9
280034  34 49 21.4 123 16.6
280035  35 49 21.4 123 16.1
280036  36 49 21.0 123 16.0
280037  37 49 20.6 123 16.0
291000   0 49 28.4 123 53.1
291001     49 28.2 123 52.4
291002   2 49 28.1 123 51.4
291003     49 28.5 123 51.7
291004   4 49 28.7 123 51.3
291005     49 28.4 123 58.4
291006   6 49 28.3 123 49.6
291050  50 49  0.4 123  7.8
291051  51 49  0.8 123  7.1
293000   0 48 58.4 123  1.7
293001     48 58.8 123  1.4
293002   2 48 59.4 123  1.5
293003     48 59.9 123  2.0
293004   4 49  0.5 123  2.0
293005     49  1.0 123  2.3
293006   6 49  1.5 123  2.9
293007     49  1.8 123  3.2
293008   8 49  2.4 123  2.9
293009     49  2.9 123  2.8
293010  10 49  3.1 123  2.0
293011     49  3.5 123  1.5
293012  12 49  3.8 123  0.7
293013     49  3.9 122 59.8
293014  14 49  4.0 122 58.9
293015     49  4.2 122 58.0
293016  16 49  4.3 122 57.1
293017     49  4.5 122 56.3
293018  18 49  4.5 122 55.4
293019     49  4.2 122 54.6
293020  20 49  3.9 122 53.8
293021     49  3.5 122 53.2
293022  22 49  2.9 122 52.9
293023     49  2.3 122 52.8
293024  24 49  1.8 122 52.3
293025     49  1.5 122 51.7
293026  26 49  1.5 122 50.8
293027     49  1.5 122 49.8
293028  28 49  1.5 122 49.0
293029     49  1.2 122 48.1
293030  30 49  1.0 122 47.3
293031     49  0.8 122 46.5
293032  32 49  0.4 122 45.8
293033     48 60.0 122 45.2
293034  34 48 59.6 122 45.8
293035     48 59.7 122 45.3
293036  36 48 59.3 122 44.9
293037  37 48 58.8 122 44.3
293040  40 48 58.6 123  2.5
293041  41 48 58.5 123  3.4
293042  42 48 58.4 123  4.2
293043  43 48 58.3 123  5.0
